[

{
    "model": "teachingassistant.ta",
    "pk": 0,
    "fields": {
        "first_name": "poarpin",
        "last_name": "hzasqbc",
        "student_id": "7522",
        "contracted": true,
        "experience": [
            "exvh157",
            "dbyy452",
            "bcci438"
        ],
        "year": "GR",
        "holds_key": 0,
        "availability_key": 0,
        "assigned_semesters": [
            0,
            1,
            2,
            3,
            4,
            5,
            6,
            7,
            8,
            9,
            10,
            11,
            12,
            13,
            14
        ]
    }
},

{
    "model": "teachingassistant.holds",
    "pk": 0,
    "fields": {
        "incomplete_profile": false,
        "update_availability": false,
        "update_experience": false,
        "ta": 0
    }
},

{
    "model": "teachingassistant.classtime",
    "pk": 0,
    "fields": {
        "ta": 0,
        "start_time": "12:20",
        "end_time": "17:02",
        "days": [
            "T",
            "Th",
            "F"
        ]
    }
},

{
    "model": "teachingassistant.classtime",
    "pk": 1,
    "fields": {
        "ta": 0,
        "start_time": "2:39",
        "end_time": "11:35",
        "days": [
            "F",
            "T",
            "W"
        ]
    }
},

{
    "model": "teachingassistant.classtime",
    "pk": 2,
    "fields": {
        "ta": 0,
        "start_time": "5:31",
        "end_time": "15:40",
        "days": [
            "W",
            "F",
            "M"
        ]
    }
},

{
    "model": "teachingassistant.availability",
    "pk": 0,
    "fields": {
        "class_times": [
            0,
            1,
            2
        ],
        "ta": 0
    }
},

{
    "model": "teachingassistant.ta",
    "pk": 1,
    "fields": {
        "first_name": "xkubpcm",
        "last_name": "kvvxfjq",
        "student_id": "3418",
        "contracted": true,
        "experience": [
            "qcok124",
            "sbrt832",
            "ypcl814"
        ],
        "year": "SR",
        "holds_key": 1,
        "availability_key": 1,
        "assigned_semesters": [
            0,
            1,
            2,
            3,
            4,
            5,
            6,
            7,
            8,
            9,
            10,
            11,
            12,
            13,
            14
        ]
    }
},

{
    "model": "teachingassistant.holds",
    "pk": 1,
    "fields": {
        "incomplete_profile": false,
        "update_availability": false,
        "update_experience": false,
        "ta": 1
    }
},

{
    "model": "teachingassistant.classtime",
    "pk": 3,
    "fields": {
        "ta": 1,
        "start_time": "8:53",
        "end_time": "10:14",
        "days": [
            "Th",
            "T",
            "W"
        ]
    }
},

{
    "model": "teachingassistant.classtime",
    "pk": 4,
    "fields": {
        "ta": 1,
        "start_time": "7:53",
        "end_time": "10:14",
        "days": [
            "M",
            "Th",
            "W"
        ]
    }
},

{
    "model": "teachingassistant.classtime",
    "pk": 5,
    "fields": {
        "ta": 1,
        "start_time": "6:42",
        "end_time": "23:16",
        "days": [
            "F",
            "Th",
            "M"
        ]
    }
},

{
    "model": "teachingassistant.availability",
    "pk": 1,
    "fields": {
        "class_times": [
            3,
            4,
            5
        ],
        "ta": 1
    }
},

{
    "model": "teachingassistant.ta",
    "pk": 2,
    "fields": {
        "first_name": "mvwwtoe",
        "last_name": "olylgzx",
        "student_id": "7304",
        "contracted": true,
        "experience": [
            "fatz889",
            "exsg350",
            "ymje543"
        ],
        "year": "GR",
        "holds_key": 2,
        "availability_key": 2,
        "assigned_semesters": [
            0,
            1,
            2,
            3,
            4,
            5,
            6,
            7,
            8,
            9,
            10,
            11,
            12,
            13,
            14
        ]
    }
},

{
    "model": "teachingassistant.holds",
    "pk": 2,
    "fields": {
        "incomplete_profile": false,
        "update_availability": false,
        "update_experience": false,
        "ta": 2
    }
},

{
    "model": "teachingassistant.classtime",
    "pk": 6,
    "fields": {
        "ta": 2,
        "start_time": "15:16",
        "end_time": "2:44",
        "days": [
            "W",
            "Th",
            "M"
        ]
    }
},

{
    "model": "teachingassistant.classtime",
    "pk": 7,
    "fields": {
        "ta": 2,
        "start_time": "23:37",
        "end_time": "11:57",
        "days": [
            "W",
            "F",
            "Th"
        ]
    }
},

{
    "model": "teachingassistant.classtime",
    "pk": 8,
    "fields": {
        "ta": 2,
        "start_time": "12:44",
        "end_time": "20:54",
        "days": [
            "W",
            "M",
            "F"
        ]
    }
},

{
    "model": "teachingassistant.availability",
    "pk": 2,
    "fields": {
        "class_times": [
            6,
            7,
            8
        ],
        "ta": 2
    }
},

{
    "model": "teachingassistant.ta",
    "pk": 3,
    "fields": {
        "first_name": "klhagdn",
        "last_name": "onxkwbl",
        "student_id": "2568",
        "contracted": true,
        "experience": [
            "yuuc784",
            "jjnu605",
            "yewj884"
        ],
        "year": "SR",
        "holds_key": 3,
        "availability_key": 3,
        "assigned_semesters": [
            0,
            1,
            2,
            3,
            4,
            5,
            6,
            7,
            8,
            9,
            10,
            11,
            12,
            13,
            14
        ]
    }
},

{
    "model": "teachingassistant.holds",
    "pk": 3,
    "fields": {
        "incomplete_profile": false,
        "update_availability": false,
        "update_experience": false,
        "ta": 3
    }
},

{
    "model": "teachingassistant.classtime",
    "pk": 9,
    "fields": {
        "ta": 3,
        "start_time": "10:36",
        "end_time": "19:46",
        "days": [
            "F",
            "M",
            "Th"
        ]
    }
},

{
    "model": "teachingassistant.classtime",
    "pk": 10,
    "fields": {
        "ta": 3,
        "start_time": "20:31",
        "end_time": "17:20",
        "days": [
            "T",
            "Th",
            "W"
        ]
    }
},

{
    "model": "teachingassistant.classtime",
    "pk": 11,
    "fields": {
        "ta": 3,
        "start_time": "11:54",
        "end_time": "22:08",
        "days": [
            "T",
            "W",
            "Th"
        ]
    }
},

{
    "model": "teachingassistant.availability",
    "pk": 3,
    "fields": {
        "class_times": [
            9,
            10,
            11
        ],
        "ta": 3
    }
},

{
    "model": "teachingassistant.ta",
    "pk": 4,
    "fields": {
        "first_name": "zggfbzi",
        "last_name": "zzjvghk",
        "student_id": "7445",
        "contracted": true,
        "experience": [
            "eupu469",
            "pddv666",
            "gjvy283"
        ],
        "year": "FR",
        "holds_key": 4,
        "availability_key": 4,
        "assigned_semesters": [
            0,
            1,
            2,
            3,
            4,
            5,
            6,
            7,
            8,
            9,
            10,
            11,
            12,
            13,
            14
        ]
    }
},

{
    "model": "teachingassistant.holds",
    "pk": 4,
    "fields": {
        "incomplete_profile": false,
        "update_availability": false,
        "update_experience": false,
        "ta": 4
    }
},

{
    "model": "teachingassistant.classtime",
    "pk": 12,
    "fields": {
        "ta": 4,
        "start_time": "7:57",
        "end_time": "17:38",
        "days": [
            "T",
            "F",
            "M"
        ]
    }
},

{
    "model": "teachingassistant.classtime",
    "pk": 13,
    "fields": {
        "ta": 4,
        "start_time": "12:50",
        "end_time": "10:30",
        "days": [
            "F",
            "W",
            "T"
        ]
    }
},

{
    "model": "teachingassistant.classtime",
    "pk": 14,
    "fields": {
        "ta": 4,
        "start_time": "12:17",
        "end_time": "8:48",
        "days": [
            "M",
            "W",
            "F"
        ]
    }
},

{
    "model": "teachingassistant.availability",
    "pk": 4,
    "fields": {
        "class_times": [
            12,
            13,
            14
        ],
        "ta": 4
    }
},

{
    "model": "teachingassistant.ta",
    "pk": 5,
    "fields": {
        "first_name": "proiwpv",
        "last_name": "ouoewjd",
        "student_id": "2391",
        "contracted": true,
        "experience": [
            "upwm876",
            "robc845",
            "ibra265"
        ],
        "year": "SR",
        "holds_key": 5,
        "availability_key": 5,
        "assigned_semesters": [
            0,
            1,
            2,
            3,
            4,
            5,
            6,
            7,
            8,
            9,
            10,
            11,
            12,
            13,
            14
        ]
    }
},

{
    "model": "teachingassistant.holds",
    "pk": 5,
    "fields": {
        "incomplete_profile": false,
        "update_availability": false,
        "update_experience": false,
        "ta": 5
    }
},

{
    "model": "teachingassistant.classtime",
    "pk": 15,
    "fields": {
        "ta": 5,
        "start_time": "3:31",
        "end_time": "15:02",
        "days": [
            "W",
            "Th",
            "T"
        ]
    }
},

{
    "model": "teachingassistant.classtime",
    "pk": 16,
    "fields": {
        "ta": 5,
        "start_time": "16:35",
        "end_time": "23:24",
        "days": [
            "F",
            "M",
            "Th"
        ]
    }
},

{
    "model": "teachingassistant.classtime",
    "pk": 17,
    "fields": {
        "ta": 5,
        "start_time": "20:23",
        "end_time": "14:43",
        "days": [
            "Th",
            "W",
            "T"
        ]
    }
},

{
    "model": "teachingassistant.availability",
    "pk": 5,
    "fields": {
        "class_times": [
            15,
            16,
            17
        ],
        "ta": 5
    }
},

{
    "model": "teachingassistant.ta",
    "pk": 6,
    "fields": {
        "first_name": "yecdfzj",
        "last_name": "fqmvkjw",
        "student_id": "4352",
        "contracted": true,
        "experience": [
            "tqiq570",
            "ibra265",
            "fpgx507"
        ],
        "year": "GR",
        "holds_key": 6,
        "availability_key": 6,
        "assigned_semesters": [
            0,
            1,
            2,
            3,
            4,
            5,
            6,
            7,
            8,
            9,
            10,
            11,
            12,
            13,
            14
        ]
    }
},

{
    "model": "teachingassistant.holds",
    "pk": 6,
    "fields": {
        "incomplete_profile": false,
        "update_availability": false,
        "update_experience": false,
        "ta": 6
    }
},

{
    "model": "teachingassistant.classtime",
    "pk": 18,
    "fields": {
        "ta": 6,
        "start_time": "1:29",
        "end_time": "12:32",
        "days": [
            "M",
            "F",
            "W"
        ]
    }
},

{
    "model": "teachingassistant.classtime",
    "pk": 19,
    "fields": {
        "ta": 6,
        "start_time": "15:33",
        "end_time": "16:51",
        "days": [
            "M",
            "W",
            "Th"
        ]
    }
},

{
    "model": "teachingassistant.classtime",
    "pk": 20,
    "fields": {
        "ta": 6,
        "start_time": "10:41",
        "end_time": "21:13",
        "days": [
            "F",
            "T",
            "Th"
        ]
    }
},

{
    "model": "teachingassistant.availability",
    "pk": 6,
    "fields": {
        "class_times": [
            18,
            19,
            20
        ],
        "ta": 6
    }
},

{
    "model": "teachingassistant.ta",
    "pk": 7,
    "fields": {
        "first_name": "pkdrjqx",
        "last_name": "ifqakym",
        "student_id": "2932",
        "contracted": true,
        "experience": [
            "ptoc632",
            "uzce467",
            "btce178"
        ],
        "year": "GR",
        "holds_key": 7,
        "availability_key": 7,
        "assigned_semesters": [
            0,
            1,
            2,
            3,
            4,
            5,
            6,
            7,
            8,
            9,
            10,
            11,
            12,
            13,
            14
        ]
    }
},

{
    "model": "teachingassistant.holds",
    "pk": 7,
    "fields": {
        "incomplete_profile": false,
        "update_availability": false,
        "update_experience": false,
        "ta": 7
    }
},

{
    "model": "teachingassistant.classtime",
    "pk": 21,
    "fields": {
        "ta": 7,
        "start_time": "18:36",
        "end_time": "20:20",
        "days": [
            "Th",
            "T",
            "M"
        ]
    }
},

{
    "model": "teachingassistant.classtime",
    "pk": 22,
    "fields": {
        "ta": 7,
        "start_time": "6:26",
        "end_time": "2:07",
        "days": [
            "Th",
            "F",
            "T"
        ]
    }
},

{
    "model": "teachingassistant.classtime",
    "pk": 23,
    "fields": {
        "ta": 7,
        "start_time": "14:04",
        "end_time": "11:14",
        "days": [
            "M",
            "W",
            "F"
        ]
    }
},

{
    "model": "teachingassistant.availability",
    "pk": 7,
    "fields": {
        "class_times": [
            21,
            22,
            23
        ],
        "ta": 7
    }
},

{
    "model": "teachingassistant.ta",
    "pk": 8,
    "fields": {
        "first_name": "bcglhdj",
        "last_name": "pmlnyyx",
        "student_id": "8582",
        "contracted": false,
        "experience": [
            "trvy799",
            "funu514",
            "exsg350"
        ],
        "year": "SR",
        "holds_key": 8,
        "availability_key": 8,
        "assigned_semesters": [
            0,
            1,
            2,
            3,
            4,
            5,
            6,
            7,
            8,
            9,
            10,
            11,
            12,
            13,
            14
        ]
    }
},

{
    "model": "teachingassistant.holds",
    "pk": 8,
    "fields": {
        "incomplete_profile": false,
        "update_availability": false,
        "update_experience": false,
        "ta": 8
    }
},

{
    "model": "teachingassistant.classtime",
    "pk": 24,
    "fields": {
        "ta": 8,
        "start_time": "15:15",
        "end_time": "3:54",
        "days": [
            "F",
            "W",
            "T"
        ]
    }
},

{
    "model": "teachingassistant.classtime",
    "pk": 25,
    "fields": {
        "ta": 8,
        "start_time": "2:39",
        "end_time": "3:09",
        "days": [
            "W",
            "T",
            "Th"
        ]
    }
},

{
    "model": "teachingassistant.classtime",
    "pk": 26,
    "fields": {
        "ta": 8,
        "start_time": "6:39",
        "end_time": "2:15",
        "days": [
            "W",
            "F",
            "Th"
        ]
    }
},

{
    "model": "teachingassistant.availability",
    "pk": 8,
    "fields": {
        "class_times": [
            24,
            25,
            26
        ],
        "ta": 8
    }
},

{
    "model": "teachingassistant.ta",
    "pk": 9,
    "fields": {
        "first_name": "nvymwfu",
        "last_name": "czfhusv",
        "student_id": "7688",
        "contracted": false,
        "experience": [
            "sdiw476",
            "xhpi651",
            "sdfj572"
        ],
        "year": "FR",
        "holds_key": 9,
        "availability_key": 9,
        "assigned_semesters": [
            0,
            1,
            2,
            3,
            4,
            5,
            6,
            7,
            8,
            9,
            10,
            11,
            12,
            13,
            14
        ]
    }
},

{
    "model": "teachingassistant.holds",
    "pk": 9,
    "fields": {
        "incomplete_profile": false,
        "update_availability": false,
        "update_experience": false,
        "ta": 9
    }
},

{
    "model": "teachingassistant.classtime",
    "pk": 27,
    "fields": {
        "ta": 9,
        "start_time": "4:31",
        "end_time": "22:18",
        "days": [
            "F",
            "T",
            "Th"
        ]
    }
},

{
    "model": "teachingassistant.classtime",
    "pk": 28,
    "fields": {
        "ta": 9,
        "start_time": "2:20",
        "end_time": "7:16",
        "days": [
            "Th",
            "T",
            "F"
        ]
    }
},

{
    "model": "teachingassistant.classtime",
    "pk": 29,
    "fields": {
        "ta": 9,
        "start_time": "15:44",
        "end_time": "11:44",
        "days": [
            "Th",
            "W",
            "T"
        ]
    }
},

{
    "model": "teachingassistant.availability",
    "pk": 9,
    "fields": {
        "class_times": [
            27,
            28,
            29
        ],
        "ta": 9
    }
}

]

