[

{
    "model": "teachingassistant.ta",
    "pk": 0,
    "fields": {
        "first_name": "wubdfpb",
        "last_name": "vjfsdin",
        "student_id": "5563",
        "contracted": true,
        "experience": [
            "zymr426",
            "kfgy760",
            "kiwn268"
        ],
        "year": "JR",
        "holds_key": 0,
        "availability_key": 0
    }
},

{
    "model": "teachingassistant.holds",
    "pk": 0,
    "fields": {
        "incomplete_profile": false,
        "update_availability": false,
        "update_experience": false,
        "ta": 0
    }
},

{
    "model": "teachingassistant.classtime",
    "pk": 0,
    "fields": {
        "ta": 0,
        "start_time": "17:19",
        "end_time": "4:13",
        "days": [
            "W",
            "F",
            "T"
        ]
    }
},

{
    "model": "teachingassistant.classtime",
    "pk": 1,
    "fields": {
        "ta": 0,
        "start_time": "4:54",
        "end_time": "23:04",
        "days": [
            "T",
            "M",
            "F"
        ]
    }
},

{
    "model": "teachingassistant.classtime",
    "pk": 2,
    "fields": {
        "ta": 0,
        "start_time": "19:44",
        "end_time": "3:44",
        "days": [
            "F",
            "T",
            "Th"
        ]
    }
},

{
    "model": "teachingassistant.availability",
    "pk": 0,
    "fields": {
        "class_times": [
            0,
            1,
            2
        ],
        "ta": 0
    }
},

{
    "model": "teachingassistant.ta",
    "pk": 1,
    "fields": {
        "first_name": "icgshyw",
        "last_name": "govpmbn",
        "student_id": "9807",
        "contracted": true,
        "experience": [
            "pmzo390",
            "feic657",
            "qqgw203"
        ],
        "year": "GR",
        "holds_key": 1,
        "availability_key": 1
    }
},

{
    "model": "teachingassistant.holds",
    "pk": 1,
    "fields": {
        "incomplete_profile": false,
        "update_availability": false,
        "update_experience": false,
        "ta": 1
    }
},

{
    "model": "teachingassistant.classtime",
    "pk": 3,
    "fields": {
        "ta": 1,
        "start_time": "13:39",
        "end_time": "16:06",
        "days": [
            "F",
            "T",
            "M"
        ]
    }
},

{
    "model": "teachingassistant.classtime",
    "pk": 4,
    "fields": {
        "ta": 1,
        "start_time": "10:05",
        "end_time": "14:53",
        "days": [
            "T",
            "Th",
            "M"
        ]
    }
},

{
    "model": "teachingassistant.classtime",
    "pk": 5,
    "fields": {
        "ta": 1,
        "start_time": "15:51",
        "end_time": "20:04",
        "days": [
            "W",
            "F",
            "Th"
        ]
    }
},

{
    "model": "teachingassistant.availability",
    "pk": 1,
    "fields": {
        "class_times": [
            3,
            4,
            5
        ],
        "ta": 1
    }
},

{
    "model": "teachingassistant.ta",
    "pk": 2,
    "fields": {
        "first_name": "aadtxuw",
        "last_name": "hokktew",
        "student_id": "1352",
        "contracted": true,
        "experience": [
            "hlkm796",
            "hvpl655",
            "hqag325"
        ],
        "year": "FR",
        "holds_key": 2,
        "availability_key": 2
    }
},

{
    "model": "teachingassistant.holds",
    "pk": 2,
    "fields": {
        "incomplete_profile": false,
        "update_availability": false,
        "update_experience": false,
        "ta": 2
    }
},

{
    "model": "teachingassistant.classtime",
    "pk": 6,
    "fields": {
        "ta": 2,
        "start_time": "16:20",
        "end_time": "10:16",
        "days": [
            "W",
            "M",
            "Th"
        ]
    }
},

{
    "model": "teachingassistant.classtime",
    "pk": 7,
    "fields": {
        "ta": 2,
        "start_time": "8:07",
        "end_time": "6:54",
        "days": [
            "T",
            "Th",
            "M"
        ]
    }
},

{
    "model": "teachingassistant.classtime",
    "pk": 8,
    "fields": {
        "ta": 2,
        "start_time": "18:36",
        "end_time": "1:34",
        "days": [
            "F",
            "W",
            "T"
        ]
    }
},

{
    "model": "teachingassistant.availability",
    "pk": 2,
    "fields": {
        "class_times": [
            6,
            7,
            8
        ],
        "ta": 2
    }
},

{
    "model": "teachingassistant.ta",
    "pk": 3,
    "fields": {
        "first_name": "inpeoot",
        "last_name": "jgdyvbj",
        "student_id": "8106",
        "contracted": true,
        "experience": [
            "ccaf852",
            "dtpw995",
            "bgel514"
        ],
        "year": "SO",
        "holds_key": 3,
        "availability_key": 3
    }
},

{
    "model": "teachingassistant.holds",
    "pk": 3,
    "fields": {
        "incomplete_profile": false,
        "update_availability": false,
        "update_experience": false,
        "ta": 3
    }
},

{
    "model": "teachingassistant.classtime",
    "pk": 9,
    "fields": {
        "ta": 3,
        "start_time": "5:43",
        "end_time": "11:03",
        "days": [
            "Th",
            "M",
            "W"
        ]
    }
},

{
    "model": "teachingassistant.classtime",
    "pk": 10,
    "fields": {
        "ta": 3,
        "start_time": "20:03",
        "end_time": "13:03",
        "days": [
            "T",
            "Th",
            "W"
        ]
    }
},

{
    "model": "teachingassistant.classtime",
    "pk": 11,
    "fields": {
        "ta": 3,
        "start_time": "14:12",
        "end_time": "22:39",
        "days": [
            "T",
            "Th",
            "F"
        ]
    }
},

{
    "model": "teachingassistant.availability",
    "pk": 3,
    "fields": {
        "class_times": [
            9,
            10,
            11
        ],
        "ta": 3
    }
},

{
    "model": "teachingassistant.ta",
    "pk": 4,
    "fields": {
        "first_name": "vmxhlaf",
        "last_name": "rqkiczy",
        "student_id": "4071",
        "contracted": true,
        "experience": [
            "qbkq491",
            "graa162",
            "efcw248"
        ],
        "year": "FR",
        "holds_key": 4,
        "availability_key": 4
    }
},

{
    "model": "teachingassistant.holds",
    "pk": 4,
    "fields": {
        "incomplete_profile": false,
        "update_availability": false,
        "update_experience": false,
        "ta": 4
    }
},

{
    "model": "teachingassistant.classtime",
    "pk": 12,
    "fields": {
        "ta": 4,
        "start_time": "23:23",
        "end_time": "5:16",
        "days": [
            "W",
            "Th",
            "T"
        ]
    }
},

{
    "model": "teachingassistant.classtime",
    "pk": 13,
    "fields": {
        "ta": 4,
        "start_time": "12:08",
        "end_time": "8:47",
        "days": [
            "F",
            "M",
            "T"
        ]
    }
},

{
    "model": "teachingassistant.classtime",
    "pk": 14,
    "fields": {
        "ta": 4,
        "start_time": "19:48",
        "end_time": "17:49",
        "days": [
            "Th",
            "T",
            "W"
        ]
    }
},

{
    "model": "teachingassistant.availability",
    "pk": 4,
    "fields": {
        "class_times": [
            12,
            13,
            14
        ],
        "ta": 4
    }
},

{
    "model": "teachingassistant.ta",
    "pk": 5,
    "fields": {
        "first_name": "seojjia",
        "last_name": "lqscgvv",
        "student_id": "9733",
        "contracted": true,
        "experience": [
            "fjoz359",
            "afhb896",
            "evnb303"
        ],
        "year": "GR",
        "holds_key": 5,
        "availability_key": 5
    }
},

{
    "model": "teachingassistant.holds",
    "pk": 5,
    "fields": {
        "incomplete_profile": false,
        "update_availability": false,
        "update_experience": false,
        "ta": 5
    }
},

{
    "model": "teachingassistant.classtime",
    "pk": 15,
    "fields": {
        "ta": 5,
        "start_time": "20:26",
        "end_time": "15:40",
        "days": [
            "M",
            "W",
            "F"
        ]
    }
},

{
    "model": "teachingassistant.classtime",
    "pk": 16,
    "fields": {
        "ta": 5,
        "start_time": "8:54",
        "end_time": "12:04",
        "days": [
            "M",
            "W",
            "Th"
        ]
    }
},

{
    "model": "teachingassistant.classtime",
    "pk": 17,
    "fields": {
        "ta": 5,
        "start_time": "4:58",
        "end_time": "9:53",
        "days": [
            "T",
            "F",
            "W"
        ]
    }
},

{
    "model": "teachingassistant.availability",
    "pk": 5,
    "fields": {
        "class_times": [
            15,
            16,
            17
        ],
        "ta": 5
    }
},

{
    "model": "teachingassistant.ta",
    "pk": 6,
    "fields": {
        "first_name": "xymctvr",
        "last_name": "utodjtc",
        "student_id": "6495",
        "contracted": true,
        "experience": [
            "ldkc356",
            "jpjt896",
            "mpia588"
        ],
        "year": "SR",
        "holds_key": 6,
        "availability_key": 6
    }
},

{
    "model": "teachingassistant.holds",
    "pk": 6,
    "fields": {
        "incomplete_profile": false,
        "update_availability": false,
        "update_experience": false,
        "ta": 6
    }
},

{
    "model": "teachingassistant.classtime",
    "pk": 18,
    "fields": {
        "ta": 6,
        "start_time": "16:03",
        "end_time": "12:29",
        "days": [
            "F",
            "T",
            "W"
        ]
    }
},

{
    "model": "teachingassistant.classtime",
    "pk": 19,
    "fields": {
        "ta": 6,
        "start_time": "14:02",
        "end_time": "15:46",
        "days": [
            "M",
            "Th",
            "T"
        ]
    }
},

{
    "model": "teachingassistant.classtime",
    "pk": 20,
    "fields": {
        "ta": 6,
        "start_time": "2:34",
        "end_time": "5:54",
        "days": [
            "F",
            "M",
            "W"
        ]
    }
},

{
    "model": "teachingassistant.availability",
    "pk": 6,
    "fields": {
        "class_times": [
            18,
            19,
            20
        ],
        "ta": 6
    }
},

{
    "model": "teachingassistant.ta",
    "pk": 7,
    "fields": {
        "first_name": "tzbcyob",
        "last_name": "vsptsxu",
        "student_id": "6424",
        "contracted": true,
        "experience": [
            "hkwu718",
            "feic657",
            "nsdc975"
        ],
        "year": "SR",
        "holds_key": 7,
        "availability_key": 7
    }
},

{
    "model": "teachingassistant.holds",
    "pk": 7,
    "fields": {
        "incomplete_profile": false,
        "update_availability": false,
        "update_experience": false,
        "ta": 7
    }
},

{
    "model": "teachingassistant.classtime",
    "pk": 21,
    "fields": {
        "ta": 7,
        "start_time": "18:47",
        "end_time": "15:37",
        "days": [
            "M",
            "W",
            "T"
        ]
    }
},

{
    "model": "teachingassistant.classtime",
    "pk": 22,
    "fields": {
        "ta": 7,
        "start_time": "4:29",
        "end_time": "23:28",
        "days": [
            "T",
            "Th",
            "W"
        ]
    }
},

{
    "model": "teachingassistant.classtime",
    "pk": 23,
    "fields": {
        "ta": 7,
        "start_time": "16:05",
        "end_time": "18:39",
        "days": [
            "M",
            "W",
            "T"
        ]
    }
},

{
    "model": "teachingassistant.availability",
    "pk": 7,
    "fields": {
        "class_times": [
            21,
            22,
            23
        ],
        "ta": 7
    }
},

{
    "model": "teachingassistant.ta",
    "pk": 8,
    "fields": {
        "first_name": "qdemedr",
        "last_name": "envffqc",
        "student_id": "2054",
        "contracted": false,
        "experience": [
            "omiq296",
            "fveb222",
            "leay332"
        ],
        "year": "SR",
        "holds_key": 8,
        "availability_key": 8
    }
},

{
    "model": "teachingassistant.holds",
    "pk": 8,
    "fields": {
        "incomplete_profile": false,
        "update_availability": false,
        "update_experience": false,
        "ta": 8
    }
},

{
    "model": "teachingassistant.classtime",
    "pk": 24,
    "fields": {
        "ta": 8,
        "start_time": "20:56",
        "end_time": "14:18",
        "days": [
            "W",
            "T",
            "Th"
        ]
    }
},

{
    "model": "teachingassistant.classtime",
    "pk": 25,
    "fields": {
        "ta": 8,
        "start_time": "19:38",
        "end_time": "14:12",
        "days": [
            "F",
            "M",
            "T"
        ]
    }
},

{
    "model": "teachingassistant.classtime",
    "pk": 26,
    "fields": {
        "ta": 8,
        "start_time": "9:42",
        "end_time": "6:47",
        "days": [
            "W",
            "F",
            "T"
        ]
    }
},

{
    "model": "teachingassistant.availability",
    "pk": 8,
    "fields": {
        "class_times": [
            24,
            25,
            26
        ],
        "ta": 8
    }
},

{
    "model": "teachingassistant.ta",
    "pk": 9,
    "fields": {
        "first_name": "ntltzsy",
        "last_name": "trjgpvw",
        "student_id": "3214",
        "contracted": false,
        "experience": [
            "efcw248",
            "hkwu718",
            "cvhs808"
        ],
        "year": "SO",
        "holds_key": 9,
        "availability_key": 9
    }
},

{
    "model": "teachingassistant.holds",
    "pk": 9,
    "fields": {
        "incomplete_profile": false,
        "update_availability": false,
        "update_experience": false,
        "ta": 9
    }
},

{
    "model": "teachingassistant.classtime",
    "pk": 27,
    "fields": {
        "ta": 9,
        "start_time": "21:52",
        "end_time": "20:54",
        "days": [
            "F",
            "T",
            "W"
        ]
    }
},

{
    "model": "teachingassistant.classtime",
    "pk": 28,
    "fields": {
        "ta": 9,
        "start_time": "5:49",
        "end_time": "20:42",
        "days": [
            "W",
            "M",
            "T"
        ]
    }
},

{
    "model": "teachingassistant.classtime",
    "pk": 29,
    "fields": {
        "ta": 9,
        "start_time": "1:41",
        "end_time": "22:24",
        "days": [
            "Th",
            "M",
            "T"
        ]
    }
},

{
    "model": "teachingassistant.availability",
    "pk": 9,
    "fields": {
        "class_times": [
            27,
            28,
            29
        ],
        "ta": 9
    }
}

]

