[

{
    "model": "teachingassistant.ta",
    "pk": 0,
    "fields": {
        "first_name": "hnnkays",
        "last_name": "zlmmvtg",
        "student_id": "4345",
        "contracted": true,
        "experience": [
            "rtqt925",
            "vmvp181",
            "dfay593"
        ],
        "year": "JR",
        "holds_key": 0,
        "availability_key": 0,
        "assigned_semesters": [
            0,
            1,
            2,
            3,
            4,
            5,
            6,
            7,
            8,
            9
        ]
    }
},

{
    "model": "teachingassistant.holds",
    "pk": 0,
    "fields": {
        "incomplete_profile": false,
        "update_availability": false,
        "update_experience": false,
        "ta": 0
    }
},

{
    "model": "teachingassistant.classtime",
    "pk": 0,
    "fields": {
        "ta": 0,
        "start_time": "18:51",
        "end_time": "3:28",
        "days": [
            "Th",
            "W",
            "F"
        ]
    }
},

{
    "model": "teachingassistant.classtime",
    "pk": 1,
    "fields": {
        "ta": 0,
        "start_time": "4:04",
        "end_time": "1:40",
        "days": [
            "M",
            "F",
            "Th"
        ]
    }
},

{
    "model": "teachingassistant.classtime",
    "pk": 2,
    "fields": {
        "ta": 0,
        "start_time": "14:17",
        "end_time": "6:01",
        "days": [
            "Th",
            "T",
            "F"
        ]
    }
},

{
    "model": "teachingassistant.availability",
    "pk": 0,
    "fields": {
        "class_times": [
            0,
            1,
            2
        ],
        "ta": 0
    }
},

{
    "model": "teachingassistant.ta",
    "pk": 1,
    "fields": {
        "first_name": "yepemth",
        "last_name": "drzglgg",
        "student_id": "1252",
        "contracted": true,
        "experience": [
            "otsu586",
            "noqt269",
            "mpfl169"
        ],
        "year": "FR",
        "holds_key": 1,
        "availability_key": 1,
        "assigned_semesters": [
            0,
            1,
            2,
            3,
            4,
            5,
            6,
            7,
            8,
            9
        ]
    }
},

{
    "model": "teachingassistant.holds",
    "pk": 1,
    "fields": {
        "incomplete_profile": false,
        "update_availability": false,
        "update_experience": false,
        "ta": 1
    }
},

{
    "model": "teachingassistant.classtime",
    "pk": 3,
    "fields": {
        "ta": 1,
        "start_time": "8:31",
        "end_time": "20:12",
        "days": [
            "W",
            "T",
            "Th"
        ]
    }
},

{
    "model": "teachingassistant.classtime",
    "pk": 4,
    "fields": {
        "ta": 1,
        "start_time": "10:20",
        "end_time": "3:17",
        "days": [
            "Th",
            "F",
            "M"
        ]
    }
},

{
    "model": "teachingassistant.classtime",
    "pk": 5,
    "fields": {
        "ta": 1,
        "start_time": "17:50",
        "end_time": "12:55",
        "days": [
            "Th",
            "W",
            "F"
        ]
    }
},

{
    "model": "teachingassistant.availability",
    "pk": 1,
    "fields": {
        "class_times": [
            3,
            4,
            5
        ],
        "ta": 1
    }
},

{
    "model": "teachingassistant.ta",
    "pk": 2,
    "fields": {
        "first_name": "ppvelcy",
        "last_name": "aoxymjw",
        "student_id": "2458",
        "contracted": true,
        "experience": [
            "khcj462",
            "hiqm611",
            "srbe778"
        ],
        "year": "FR",
        "holds_key": 2,
        "availability_key": 2,
        "assigned_semesters": [
            0,
            1,
            2,
            3,
            4,
            5,
            6,
            7,
            8,
            9
        ]
    }
},

{
    "model": "teachingassistant.holds",
    "pk": 2,
    "fields": {
        "incomplete_profile": false,
        "update_availability": false,
        "update_experience": false,
        "ta": 2
    }
},

{
    "model": "teachingassistant.classtime",
    "pk": 6,
    "fields": {
        "ta": 2,
        "start_time": "18:29",
        "end_time": "9:16",
        "days": [
            "W",
            "Th",
            "F"
        ]
    }
},

{
    "model": "teachingassistant.classtime",
    "pk": 7,
    "fields": {
        "ta": 2,
        "start_time": "23:49",
        "end_time": "19:20",
        "days": [
            "W",
            "M",
            "F"
        ]
    }
},

{
    "model": "teachingassistant.classtime",
    "pk": 8,
    "fields": {
        "ta": 2,
        "start_time": "22:26",
        "end_time": "16:47",
        "days": [
            "Th",
            "T",
            "M"
        ]
    }
},

{
    "model": "teachingassistant.availability",
    "pk": 2,
    "fields": {
        "class_times": [
            6,
            7,
            8
        ],
        "ta": 2
    }
},

{
    "model": "teachingassistant.ta",
    "pk": 3,
    "fields": {
        "first_name": "nwleniv",
        "last_name": "pofhwhx",
        "student_id": "7845",
        "contracted": true,
        "experience": [
            "eawc690",
            "kgkm687",
            "vwsa819"
        ],
        "year": "JR",
        "holds_key": 3,
        "availability_key": 3,
        "assigned_semesters": [
            0,
            1,
            2,
            3,
            4,
            5,
            6,
            7,
            8,
            9
        ]
    }
},

{
    "model": "teachingassistant.holds",
    "pk": 3,
    "fields": {
        "incomplete_profile": false,
        "update_availability": false,
        "update_experience": false,
        "ta": 3
    }
},

{
    "model": "teachingassistant.classtime",
    "pk": 9,
    "fields": {
        "ta": 3,
        "start_time": "19:21",
        "end_time": "4:14",
        "days": [
            "Th",
            "F",
            "M"
        ]
    }
},

{
    "model": "teachingassistant.classtime",
    "pk": 10,
    "fields": {
        "ta": 3,
        "start_time": "1:42",
        "end_time": "10:04",
        "days": [
            "M",
            "T",
            "Th"
        ]
    }
},

{
    "model": "teachingassistant.classtime",
    "pk": 11,
    "fields": {
        "ta": 3,
        "start_time": "10:35",
        "end_time": "13:49",
        "days": [
            "Th",
            "T",
            "F"
        ]
    }
},

{
    "model": "teachingassistant.availability",
    "pk": 3,
    "fields": {
        "class_times": [
            9,
            10,
            11
        ],
        "ta": 3
    }
},

{
    "model": "teachingassistant.ta",
    "pk": 4,
    "fields": {
        "first_name": "gcrmvsy",
        "last_name": "zkdnxiy",
        "student_id": "4064",
        "contracted": true,
        "experience": [
            "mhlm728",
            "ylpf469",
            "nbqw471"
        ],
        "year": "JR",
        "holds_key": 4,
        "availability_key": 4,
        "assigned_semesters": [
            0,
            1,
            2,
            3,
            4,
            5,
            6,
            7,
            8,
            9
        ]
    }
},

{
    "model": "teachingassistant.holds",
    "pk": 4,
    "fields": {
        "incomplete_profile": false,
        "update_availability": false,
        "update_experience": false,
        "ta": 4
    }
},

{
    "model": "teachingassistant.classtime",
    "pk": 12,
    "fields": {
        "ta": 4,
        "start_time": "16:19",
        "end_time": "7:18",
        "days": [
            "T",
            "M",
            "F"
        ]
    }
},

{
    "model": "teachingassistant.classtime",
    "pk": 13,
    "fields": {
        "ta": 4,
        "start_time": "8:49",
        "end_time": "16:05",
        "days": [
            "M",
            "F",
            "Th"
        ]
    }
},

{
    "model": "teachingassistant.classtime",
    "pk": 14,
    "fields": {
        "ta": 4,
        "start_time": "10:59",
        "end_time": "7:40",
        "days": [
            "W",
            "F",
            "M"
        ]
    }
},

{
    "model": "teachingassistant.availability",
    "pk": 4,
    "fields": {
        "class_times": [
            12,
            13,
            14
        ],
        "ta": 4
    }
},

{
    "model": "teachingassistant.ta",
    "pk": 5,
    "fields": {
        "first_name": "pgwygau",
        "last_name": "mapjysl",
        "student_id": "7582",
        "contracted": true,
        "experience": [
            "mmrb631",
            "shap866",
            "chuj499"
        ],
        "year": "SO",
        "holds_key": 5,
        "availability_key": 5,
        "assigned_semesters": [
            0,
            1,
            2,
            3,
            4,
            5,
            6,
            7,
            8,
            9
        ]
    }
},

{
    "model": "teachingassistant.holds",
    "pk": 5,
    "fields": {
        "incomplete_profile": false,
        "update_availability": false,
        "update_experience": false,
        "ta": 5
    }
},

{
    "model": "teachingassistant.classtime",
    "pk": 15,
    "fields": {
        "ta": 5,
        "start_time": "10:33",
        "end_time": "16:44",
        "days": [
            "Th",
            "T",
            "W"
        ]
    }
},

{
    "model": "teachingassistant.classtime",
    "pk": 16,
    "fields": {
        "ta": 5,
        "start_time": "21:39",
        "end_time": "12:44",
        "days": [
            "M",
            "W",
            "F"
        ]
    }
},

{
    "model": "teachingassistant.classtime",
    "pk": 17,
    "fields": {
        "ta": 5,
        "start_time": "15:03",
        "end_time": "19:37",
        "days": [
            "Th",
            "M",
            "T"
        ]
    }
},

{
    "model": "teachingassistant.availability",
    "pk": 5,
    "fields": {
        "class_times": [
            15,
            16,
            17
        ],
        "ta": 5
    }
},

{
    "model": "teachingassistant.ta",
    "pk": 6,
    "fields": {
        "first_name": "ipvfzqh",
        "last_name": "qsjhran",
        "student_id": "9790",
        "contracted": true,
        "experience": [
            "mzen918",
            "qvvt528",
            "dfuy626"
        ],
        "year": "GR",
        "holds_key": 6,
        "availability_key": 6,
        "assigned_semesters": [
            0,
            1,
            2,
            3,
            4,
            5,
            6,
            7,
            8,
            9
        ]
    }
},

{
    "model": "teachingassistant.holds",
    "pk": 6,
    "fields": {
        "incomplete_profile": false,
        "update_availability": false,
        "update_experience": false,
        "ta": 6
    }
},

{
    "model": "teachingassistant.classtime",
    "pk": 18,
    "fields": {
        "ta": 6,
        "start_time": "9:22",
        "end_time": "8:04",
        "days": [
            "F",
            "M",
            "W"
        ]
    }
},

{
    "model": "teachingassistant.classtime",
    "pk": 19,
    "fields": {
        "ta": 6,
        "start_time": "13:45",
        "end_time": "14:35",
        "days": [
            "Th",
            "T",
            "W"
        ]
    }
},

{
    "model": "teachingassistant.classtime",
    "pk": 20,
    "fields": {
        "ta": 6,
        "start_time": "18:01",
        "end_time": "4:09",
        "days": [
            "M",
            "F",
            "T"
        ]
    }
},

{
    "model": "teachingassistant.availability",
    "pk": 6,
    "fields": {
        "class_times": [
            18,
            19,
            20
        ],
        "ta": 6
    }
},

{
    "model": "teachingassistant.ta",
    "pk": 7,
    "fields": {
        "first_name": "gtfqepy",
        "last_name": "coptumg",
        "student_id": "2558",
        "contracted": true,
        "experience": [
            "isxx854",
            "hwhg990",
            "mxbb289"
        ],
        "year": "SO",
        "holds_key": 7,
        "availability_key": 7,
        "assigned_semesters": [
            0,
            1,
            2,
            3,
            4,
            5,
            6,
            7,
            8,
            9
        ]
    }
},

{
    "model": "teachingassistant.holds",
    "pk": 7,
    "fields": {
        "incomplete_profile": false,
        "update_availability": false,
        "update_experience": false,
        "ta": 7
    }
},

{
    "model": "teachingassistant.classtime",
    "pk": 21,
    "fields": {
        "ta": 7,
        "start_time": "2:38",
        "end_time": "11:15",
        "days": [
            "T",
            "F",
            "W"
        ]
    }
},

{
    "model": "teachingassistant.classtime",
    "pk": 22,
    "fields": {
        "ta": 7,
        "start_time": "2:55",
        "end_time": "16:10",
        "days": [
            "M",
            "F",
            "W"
        ]
    }
},

{
    "model": "teachingassistant.classtime",
    "pk": 23,
    "fields": {
        "ta": 7,
        "start_time": "23:41",
        "end_time": "1:07",
        "days": [
            "M",
            "W",
            "F"
        ]
    }
},

{
    "model": "teachingassistant.availability",
    "pk": 7,
    "fields": {
        "class_times": [
            21,
            22,
            23
        ],
        "ta": 7
    }
},

{
    "model": "teachingassistant.ta",
    "pk": 8,
    "fields": {
        "first_name": "arnkoia",
        "last_name": "lnlkxkj",
        "student_id": "1616",
        "contracted": false,
        "experience": [
            "ylpf469",
            "knjj215",
            "zqwf258"
        ],
        "year": "GR",
        "holds_key": 8,
        "availability_key": 8,
        "assigned_semesters": [
            0,
            1,
            2,
            3,
            4,
            5,
            6,
            7,
            8,
            9
        ]
    }
},

{
    "model": "teachingassistant.holds",
    "pk": 8,
    "fields": {
        "incomplete_profile": false,
        "update_availability": false,
        "update_experience": false,
        "ta": 8
    }
},

{
    "model": "teachingassistant.classtime",
    "pk": 24,
    "fields": {
        "ta": 8,
        "start_time": "1:03",
        "end_time": "5:19",
        "days": [
            "F",
            "W",
            "Th"
        ]
    }
},

{
    "model": "teachingassistant.classtime",
    "pk": 25,
    "fields": {
        "ta": 8,
        "start_time": "5:32",
        "end_time": "23:14",
        "days": [
            "Th",
            "W",
            "M"
        ]
    }
},

{
    "model": "teachingassistant.classtime",
    "pk": 26,
    "fields": {
        "ta": 8,
        "start_time": "4:48",
        "end_time": "19:53",
        "days": [
            "T",
            "W",
            "F"
        ]
    }
},

{
    "model": "teachingassistant.availability",
    "pk": 8,
    "fields": {
        "class_times": [
            24,
            25,
            26
        ],
        "ta": 8
    }
},

{
    "model": "teachingassistant.ta",
    "pk": 9,
    "fields": {
        "first_name": "cixejds",
        "last_name": "lkudspn",
        "student_id": "2180",
        "contracted": false,
        "experience": [
            "qxlh581",
            "eenn398",
            "mxua672"
        ],
        "year": "SO",
        "holds_key": 9,
        "availability_key": 9,
        "assigned_semesters": [
            0,
            1,
            2,
            3,
            4,
            5,
            6,
            7,
            8,
            9
        ]
    }
},

{
    "model": "teachingassistant.holds",
    "pk": 9,
    "fields": {
        "incomplete_profile": false,
        "update_availability": false,
        "update_experience": false,
        "ta": 9
    }
},

{
    "model": "teachingassistant.classtime",
    "pk": 27,
    "fields": {
        "ta": 9,
        "start_time": "17:48",
        "end_time": "14:44",
        "days": [
            "F",
            "Th",
            "W"
        ]
    }
},

{
    "model": "teachingassistant.classtime",
    "pk": 28,
    "fields": {
        "ta": 9,
        "start_time": "16:45",
        "end_time": "20:24",
        "days": [
            "Th",
            "T",
            "F"
        ]
    }
},

{
    "model": "teachingassistant.classtime",
    "pk": 29,
    "fields": {
        "ta": 9,
        "start_time": "1:07",
        "end_time": "10:49",
        "days": [
            "T",
            "F",
            "W"
        ]
    }
},

{
    "model": "teachingassistant.availability",
    "pk": 9,
    "fields": {
        "class_times": [
            27,
            28,
            29
        ],
        "ta": 9
    }
}

]

