[

{
    "model": "laborganizer.semester",
    "pk": 0,
    "fields": {
        "year": 3142,
        "semester_time": "SUM"
    }
},

{
    "model": "optimization.templateschedule",
    "pk": 0,
    "fields": {
        "semester": 0
    }
},

{
    "model": "laborganizer.lab",
    "pk": 0,
    "fields": {
        "class_name": "xaamvynueqqd",
        "subject": "owki",
        "catalog_id": "104",
        "course_id": "6729",
        "section": "142",
        "days": "W Th F",
        "facility_id": "225",
        "facility_building": "xkntxflywlch",
        "instructor": "azrxsrphulyd",
        "start_time": "2:13",
        "end_time": "11:10",
        "semester": 0
    }
},

{
    "model": "laborganizer.lab",
    "pk": 1,
    "fields": {
        "class_name": "vypzggznljhs",
        "subject": "brdo",
        "catalog_id": "806",
        "course_id": "2577",
        "section": "666",
        "days": "F Th M",
        "facility_id": "214",
        "facility_building": "fcogzqdxvers",
        "instructor": "xsjtvxnxliky",
        "start_time": "12:10",
        "end_time": "16:51",
        "semester": 0
    }
},

{
    "model": "laborganizer.lab",
    "pk": 2,
    "fields": {
        "class_name": "lnyclkypaymx",
        "subject": "itjq",
        "catalog_id": "342",
        "course_id": "7375",
        "section": "873",
        "days": "M F T",
        "facility_id": "264",
        "facility_building": "bvdyqjuerxdj",
        "instructor": "bxpykeynuoja",
        "start_time": "1:35",
        "end_time": "11:33",
        "semester": 0
    }
},

{
    "model": "laborganizer.lab",
    "pk": 3,
    "fields": {
        "class_name": "vnqrpvvmfhez",
        "subject": "qvjm",
        "catalog_id": "778",
        "course_id": "7135",
        "section": "989",
        "days": "T Th M",
        "facility_id": "426",
        "facility_building": "snuotpgkbmej",
        "instructor": "qyieixqgjvyg",
        "start_time": "14:04",
        "end_time": "5:53",
        "semester": 0
    }
},

{
    "model": "laborganizer.lab",
    "pk": 4,
    "fields": {
        "class_name": "ueaqlqejlpth",
        "subject": "ndoi",
        "catalog_id": "947",
        "course_id": "5798",
        "section": "535",
        "days": "M F W",
        "facility_id": "436",
        "facility_building": "hjxdygpmpsff",
        "instructor": "plfkliqhrjyv",
        "start_time": "12:35",
        "end_time": "2:26",
        "semester": 0
    }
},

{
    "model": "laborganizer.lab",
    "pk": 5,
    "fields": {
        "class_name": "bzpazddehwqk",
        "subject": "kkxl",
        "catalog_id": "676",
        "course_id": "2904",
        "section": "994",
        "days": "F M T",
        "facility_id": "311",
        "facility_building": "pvhqgaevwmed",
        "instructor": "htbmeyjfdgom",
        "start_time": "4:57",
        "end_time": "2:44",
        "semester": 0
    }
},

{
    "model": "laborganizer.lab",
    "pk": 6,
    "fields": {
        "class_name": "eypqvfwcfdqz",
        "subject": "bwni",
        "catalog_id": "170",
        "course_id": "5959",
        "section": "503",
        "days": "M F W",
        "facility_id": "229",
        "facility_building": "xukaiubusdiz",
        "instructor": "mxnhkabpqmvs",
        "start_time": "4:26",
        "end_time": "11:58",
        "semester": 0
    }
},

{
    "model": "laborganizer.lab",
    "pk": 7,
    "fields": {
        "class_name": "wlzdoqnssdzv",
        "subject": "cgir",
        "catalog_id": "112",
        "course_id": "3920",
        "section": "533",
        "days": "T W Th",
        "facility_id": "589",
        "facility_building": "xioaculnqakz",
        "instructor": "otrrjzigkfvg",
        "start_time": "10:33",
        "end_time": "3:22",
        "semester": 0
    }
},

{
    "model": "laborganizer.lab",
    "pk": 8,
    "fields": {
        "class_name": "jlkhgmhwmlxk",
        "subject": "licd",
        "catalog_id": "456",
        "course_id": "7741",
        "section": "884",
        "days": "W Th F",
        "facility_id": "203",
        "facility_building": "uoelylnuwsvo",
        "instructor": "ovlkvageaiws",
        "start_time": "17:09",
        "end_time": "16:14",
        "semester": 0
    }
},

{
    "model": "laborganizer.lab",
    "pk": 9,
    "fields": {
        "class_name": "zftaivwahlse",
        "subject": "vkiy",
        "catalog_id": "759",
        "course_id": "9882",
        "section": "946",
        "days": "Th F M",
        "facility_id": "772",
        "facility_building": "cevlyupqkxpq",
        "instructor": "iexugmqwqolv",
        "start_time": "13:57",
        "end_time": "7:46",
        "semester": 0
    }
},

{
    "model": "laborganizer.semester",
    "pk": 1,
    "fields": {
        "year": 8019,
        "semester_time": "FAL"
    }
},

{
    "model": "optimization.templateschedule",
    "pk": 1,
    "fields": {
        "semester": 1
    }
},

{
    "model": "laborganizer.lab",
    "pk": 10,
    "fields": {
        "class_name": "bsonpcfebxmi",
        "subject": "eewf",
        "catalog_id": "284",
        "course_id": "2989",
        "section": "229",
        "days": "M Th W",
        "facility_id": "607",
        "facility_building": "unsmsghrlzfh",
        "instructor": "jwlfltriugqw",
        "start_time": "8:50",
        "end_time": "13:31",
        "semester": 1
    }
},

{
    "model": "laborganizer.lab",
    "pk": 11,
    "fields": {
        "class_name": "qategisopmjb",
        "subject": "lkfj",
        "catalog_id": "558",
        "course_id": "8200",
        "section": "224",
        "days": "F W T",
        "facility_id": "224",
        "facility_building": "uqvhdzjoacyn",
        "instructor": "gmgcmdebhuui",
        "start_time": "16:10",
        "end_time": "20:52",
        "semester": 1
    }
},

{
    "model": "laborganizer.lab",
    "pk": 12,
    "fields": {
        "class_name": "enatmpthyaly",
        "subject": "ircx",
        "catalog_id": "732",
        "course_id": "9042",
        "section": "647",
        "days": "M T F",
        "facility_id": "458",
        "facility_building": "pkkeknchuhud",
        "instructor": "zydqntwwfklt",
        "start_time": "10:29",
        "end_time": "7:50",
        "semester": 1
    }
},

{
    "model": "laborganizer.lab",
    "pk": 13,
    "fields": {
        "class_name": "xuudpbcdnnmp",
        "subject": "ngno",
        "catalog_id": "449",
        "course_id": "7894",
        "section": "297",
        "days": "W Th T",
        "facility_id": "210",
        "facility_building": "zjafleebnupm",
        "instructor": "hxbvqxeigkuq",
        "start_time": "18:03",
        "end_time": "11:52",
        "semester": 1
    }
},

{
    "model": "laborganizer.lab",
    "pk": 14,
    "fields": {
        "class_name": "ljlwyefxzpqp",
        "subject": "zpwn",
        "catalog_id": "172",
        "course_id": "6724",
        "section": "404",
        "days": "T M Th",
        "facility_id": "200",
        "facility_building": "mldzwklmfzlb",
        "instructor": "iuyqdorpciig",
        "start_time": "13:36",
        "end_time": "9:46",
        "semester": 1
    }
},

{
    "model": "laborganizer.lab",
    "pk": 15,
    "fields": {
        "class_name": "jsiohfwrretm",
        "subject": "mbjn",
        "catalog_id": "449",
        "course_id": "1907",
        "section": "873",
        "days": "Th M F",
        "facility_id": "641",
        "facility_building": "shmjcmeabqld",
        "instructor": "udyausfdxrqt",
        "start_time": "13:24",
        "end_time": "18:50",
        "semester": 1
    }
},

{
    "model": "laborganizer.lab",
    "pk": 16,
    "fields": {
        "class_name": "jrkfibgygzzc",
        "subject": "vnro",
        "catalog_id": "581",
        "course_id": "1152",
        "section": "927",
        "days": "M T W",
        "facility_id": "628",
        "facility_building": "qdaomfyheezt",
        "instructor": "afkkhixbtoss",
        "start_time": "16:44",
        "end_time": "1:43",
        "semester": 1
    }
},

{
    "model": "laborganizer.lab",
    "pk": 17,
    "fields": {
        "class_name": "nzsgflprnwxz",
        "subject": "evit",
        "catalog_id": "133",
        "course_id": "6161",
        "section": "237",
        "days": "W Th M",
        "facility_id": "615",
        "facility_building": "vgtuudcotkei",
        "instructor": "xkfbyfiyhgsf",
        "start_time": "3:14",
        "end_time": "1:53",
        "semester": 1
    }
},

{
    "model": "laborganizer.lab",
    "pk": 18,
    "fields": {
        "class_name": "wykcfxgzzntp",
        "subject": "yxsr",
        "catalog_id": "159",
        "course_id": "1078",
        "section": "682",
        "days": "T F M",
        "facility_id": "311",
        "facility_building": "govzdvatwbix",
        "instructor": "dijresjkgnmu",
        "start_time": "9:16",
        "end_time": "11:10",
        "semester": 1
    }
},

{
    "model": "laborganizer.lab",
    "pk": 19,
    "fields": {
        "class_name": "cyctgoppqiet",
        "subject": "gxjo",
        "catalog_id": "349",
        "course_id": "7617",
        "section": "690",
        "days": "M F W",
        "facility_id": "420",
        "facility_building": "mrvkbeihvavp",
        "instructor": "gkoiyyhostvq",
        "start_time": "20:19",
        "end_time": "7:12",
        "semester": 1
    }
},

{
    "model": "laborganizer.semester",
    "pk": 2,
    "fields": {
        "year": 8348,
        "semester_time": "SUM"
    }
},

{
    "model": "optimization.templateschedule",
    "pk": 2,
    "fields": {
        "semester": 2
    }
},

{
    "model": "laborganizer.lab",
    "pk": 20,
    "fields": {
        "class_name": "katdxewlzyvg",
        "subject": "yseh",
        "catalog_id": "600",
        "course_id": "2002",
        "section": "278",
        "days": "T W M",
        "facility_id": "522",
        "facility_building": "ksfjvhlkqixo",
        "instructor": "sufpubhrfsib",
        "start_time": "9:50",
        "end_time": "2:23",
        "semester": 2
    }
},

{
    "model": "laborganizer.lab",
    "pk": 21,
    "fields": {
        "class_name": "vjcsbwqwiuru",
        "subject": "jzzj",
        "catalog_id": "798",
        "course_id": "8492",
        "section": "618",
        "days": "T Th W",
        "facility_id": "299",
        "facility_building": "bkknjcpzsiyu",
        "instructor": "mybzvohmskwq",
        "start_time": "11:58",
        "end_time": "15:05",
        "semester": 2
    }
},

{
    "model": "laborganizer.lab",
    "pk": 22,
    "fields": {
        "class_name": "epssvevlxgxk",
        "subject": "zmep",
        "catalog_id": "310",
        "course_id": "2956",
        "section": "323",
        "days": "M T W",
        "facility_id": "793",
        "facility_building": "aomcpeqxbjjh",
        "instructor": "lshvffgaunme",
        "start_time": "15:35",
        "end_time": "16:58",
        "semester": 2
    }
},

{
    "model": "laborganizer.lab",
    "pk": 23,
    "fields": {
        "class_name": "tmkwpgfuqpep",
        "subject": "nwzn",
        "catalog_id": "411",
        "course_id": "8609",
        "section": "890",
        "days": "T F M",
        "facility_id": "138",
        "facility_building": "uhadvxpyrtfb",
        "instructor": "gpwhardwthuq",
        "start_time": "2:21",
        "end_time": "3:57",
        "semester": 2
    }
},

{
    "model": "laborganizer.lab",
    "pk": 24,
    "fields": {
        "class_name": "dwqlvgxtlhwn",
        "subject": "dvwt",
        "catalog_id": "606",
        "course_id": "2984",
        "section": "186",
        "days": "W M T",
        "facility_id": "148",
        "facility_building": "llbfipegppxt",
        "instructor": "ukxwchfyxavr",
        "start_time": "23:30",
        "end_time": "7:50",
        "semester": 2
    }
},

{
    "model": "laborganizer.lab",
    "pk": 25,
    "fields": {
        "class_name": "wsfhwowjpwxb",
        "subject": "ytht",
        "catalog_id": "830",
        "course_id": "4025",
        "section": "323",
        "days": "M T F",
        "facility_id": "877",
        "facility_building": "jdpexpabefcb",
        "instructor": "vnulcfhjmmbl",
        "start_time": "8:08",
        "end_time": "18:15",
        "semester": 2
    }
},

{
    "model": "laborganizer.lab",
    "pk": 26,
    "fields": {
        "class_name": "jglkaclivsik",
        "subject": "fzbg",
        "catalog_id": "649",
        "course_id": "5377",
        "section": "609",
        "days": "Th W F",
        "facility_id": "468",
        "facility_building": "mwgdqlfhzput",
        "instructor": "qckdxzbsswdj",
        "start_time": "7:03",
        "end_time": "8:32",
        "semester": 2
    }
},

{
    "model": "laborganizer.lab",
    "pk": 27,
    "fields": {
        "class_name": "xkxgriceuhvo",
        "subject": "jcze",
        "catalog_id": "848",
        "course_id": "4917",
        "section": "586",
        "days": "T M F",
        "facility_id": "227",
        "facility_building": "zwgglivmomcn",
        "instructor": "mtuycehcbtbi",
        "start_time": "7:09",
        "end_time": "17:22",
        "semester": 2
    }
},

{
    "model": "laborganizer.lab",
    "pk": 28,
    "fields": {
        "class_name": "omlulotpfiiq",
        "subject": "jjbg",
        "catalog_id": "407",
        "course_id": "9174",
        "section": "610",
        "days": "M F T",
        "facility_id": "290",
        "facility_building": "lbfsrqpxqjxx",
        "instructor": "aqeutgqqeldu",
        "start_time": "16:17",
        "end_time": "7:50",
        "semester": 2
    }
},

{
    "model": "laborganizer.lab",
    "pk": 29,
    "fields": {
        "class_name": "piewvhomckkf",
        "subject": "ycot",
        "catalog_id": "946",
        "course_id": "3141",
        "section": "706",
        "days": "F T W",
        "facility_id": "315",
        "facility_building": "kwcvqortxdmu",
        "instructor": "unsucepdorui",
        "start_time": "5:15",
        "end_time": "20:04",
        "semester": 2
    }
},

{
    "model": "laborganizer.semester",
    "pk": 3,
    "fields": {
        "year": 7128,
        "semester_time": "FAL"
    }
},

{
    "model": "optimization.templateschedule",
    "pk": 3,
    "fields": {
        "semester": 3
    }
},

{
    "model": "laborganizer.lab",
    "pk": 30,
    "fields": {
        "class_name": "ryygietmxtws",
        "subject": "jkrl",
        "catalog_id": "751",
        "course_id": "2125",
        "section": "560",
        "days": "F W Th",
        "facility_id": "736",
        "facility_building": "khjvvuwhbbpi",
        "instructor": "beilzsnmjcfm",
        "start_time": "19:30",
        "end_time": "6:20",
        "semester": 3
    }
},

{
    "model": "laborganizer.lab",
    "pk": 31,
    "fields": {
        "class_name": "xxhqtaxyqlnx",
        "subject": "fmap",
        "catalog_id": "209",
        "course_id": "7214",
        "section": "807",
        "days": "T W M",
        "facility_id": "222",
        "facility_building": "nzqfjsldrygp",
        "instructor": "wpmmikcgkwrf",
        "start_time": "23:52",
        "end_time": "16:33",
        "semester": 3
    }
},

{
    "model": "laborganizer.lab",
    "pk": 32,
    "fields": {
        "class_name": "ohhyacwwtorr",
        "subject": "vsna",
        "catalog_id": "582",
        "course_id": "2323",
        "section": "905",
        "days": "M W Th",
        "facility_id": "849",
        "facility_building": "huikrqrhgfoc",
        "instructor": "ngbkgwbdknaj",
        "start_time": "3:34",
        "end_time": "13:37",
        "semester": 3
    }
},

{
    "model": "laborganizer.lab",
    "pk": 33,
    "fields": {
        "class_name": "gqgmuivslvxk",
        "subject": "zfzb",
        "catalog_id": "807",
        "course_id": "4259",
        "section": "213",
        "days": "M T F",
        "facility_id": "276",
        "facility_building": "mqquitykhjzk",
        "instructor": "muvwctaeefcx",
        "start_time": "15:30",
        "end_time": "15:27",
        "semester": 3
    }
},

{
    "model": "laborganizer.lab",
    "pk": 34,
    "fields": {
        "class_name": "bcnswpfmenbo",
        "subject": "tjsz",
        "catalog_id": "963",
        "course_id": "9183",
        "section": "250",
        "days": "M T W",
        "facility_id": "270",
        "facility_building": "yvkgpfqvrbde",
        "instructor": "ottnfobxyvnj",
        "start_time": "17:46",
        "end_time": "19:57",
        "semester": 3
    }
},

{
    "model": "laborganizer.lab",
    "pk": 35,
    "fields": {
        "class_name": "ucftiwdtyllz",
        "subject": "brxn",
        "catalog_id": "716",
        "course_id": "5180",
        "section": "106",
        "days": "F W T",
        "facility_id": "614",
        "facility_building": "dayfnckosxmz",
        "instructor": "dacwftdycqhc",
        "start_time": "11:08",
        "end_time": "13:44",
        "semester": 3
    }
},

{
    "model": "laborganizer.lab",
    "pk": 36,
    "fields": {
        "class_name": "hswowhshalyz",
        "subject": "urfr",
        "catalog_id": "740",
        "course_id": "9172",
        "section": "704",
        "days": "W F M",
        "facility_id": "755",
        "facility_building": "gorifawutbds",
        "instructor": "jbzeenneyrvb",
        "start_time": "22:51",
        "end_time": "20:23",
        "semester": 3
    }
},

{
    "model": "laborganizer.lab",
    "pk": 37,
    "fields": {
        "class_name": "tnaonsilqufq",
        "subject": "nedg",
        "catalog_id": "185",
        "course_id": "4033",
        "section": "792",
        "days": "Th W M",
        "facility_id": "734",
        "facility_building": "ilhiixdjywfn",
        "instructor": "hmnwmnhntezk",
        "start_time": "12:59",
        "end_time": "14:14",
        "semester": 3
    }
},

{
    "model": "laborganizer.lab",
    "pk": 38,
    "fields": {
        "class_name": "eclwppkbnlke",
        "subject": "vpve",
        "catalog_id": "353",
        "course_id": "2721",
        "section": "435",
        "days": "M F W",
        "facility_id": "280",
        "facility_building": "qamzyjfmfizn",
        "instructor": "kwsbbvchkfwl",
        "start_time": "12:47",
        "end_time": "21:36",
        "semester": 3
    }
},

{
    "model": "laborganizer.lab",
    "pk": 39,
    "fields": {
        "class_name": "gwwnoaxnmwmg",
        "subject": "azif",
        "catalog_id": "694",
        "course_id": "5400",
        "section": "147",
        "days": "W F T",
        "facility_id": "106",
        "facility_building": "zkryuidkvblg",
        "instructor": "hkqiozmykwod",
        "start_time": "15:54",
        "end_time": "8:38",
        "semester": 3
    }
},

{
    "model": "laborganizer.semester",
    "pk": 4,
    "fields": {
        "year": 3360,
        "semester_time": "SPR"
    }
},

{
    "model": "optimization.templateschedule",
    "pk": 4,
    "fields": {
        "semester": 4
    }
},

{
    "model": "laborganizer.lab",
    "pk": 40,
    "fields": {
        "class_name": "eyqfwplgqhnl",
        "subject": "vzqn",
        "catalog_id": "977",
        "course_id": "7904",
        "section": "237",
        "days": "F Th T",
        "facility_id": "998",
        "facility_building": "mpbfrxesiskd",
        "instructor": "dsupapxpcnyb",
        "start_time": "19:53",
        "end_time": "15:11",
        "semester": 4
    }
},

{
    "model": "laborganizer.lab",
    "pk": 41,
    "fields": {
        "class_name": "lriwayowvssv",
        "subject": "hvhw",
        "catalog_id": "128",
        "course_id": "4152",
        "section": "659",
        "days": "Th M F",
        "facility_id": "478",
        "facility_building": "tgjevqcdwwtz",
        "instructor": "wibvcujwuesf",
        "start_time": "7:48",
        "end_time": "14:15",
        "semester": 4
    }
},

{
    "model": "laborganizer.lab",
    "pk": 42,
    "fields": {
        "class_name": "yqqvyrmnrcqa",
        "subject": "krex",
        "catalog_id": "144",
        "course_id": "5768",
        "section": "412",
        "days": "F M W",
        "facility_id": "313",
        "facility_building": "ovplmlcjhscw",
        "instructor": "mzmphqylvkmc",
        "start_time": "23:31",
        "end_time": "4:45",
        "semester": 4
    }
},

{
    "model": "laborganizer.lab",
    "pk": 43,
    "fields": {
        "class_name": "nipqpuzknsco",
        "subject": "usca",
        "catalog_id": "745",
        "course_id": "1201",
        "section": "882",
        "days": "T Th M",
        "facility_id": "394",
        "facility_building": "hwezldtroatc",
        "instructor": "nqegofvveevs",
        "start_time": "22:29",
        "end_time": "21:12",
        "semester": 4
    }
},

{
    "model": "laborganizer.lab",
    "pk": 44,
    "fields": {
        "class_name": "fejsldiqgajp",
        "subject": "lclb",
        "catalog_id": "854",
        "course_id": "8109",
        "section": "489",
        "days": "W Th F",
        "facility_id": "464",
        "facility_building": "dlksctrcfred",
        "instructor": "ogrjneartrfr",
        "start_time": "20:17",
        "end_time": "13:33",
        "semester": 4
    }
},

{
    "model": "laborganizer.lab",
    "pk": 45,
    "fields": {
        "class_name": "durspjodxauv",
        "subject": "xgeh",
        "catalog_id": "179",
        "course_id": "6013",
        "section": "491",
        "days": "M T Th",
        "facility_id": "559",
        "facility_building": "knfnbkzrayiq",
        "instructor": "allaixulguoq",
        "start_time": "19:16",
        "end_time": "6:37",
        "semester": 4
    }
},

{
    "model": "laborganizer.lab",
    "pk": 46,
    "fields": {
        "class_name": "flvjaknsmudc",
        "subject": "wgea",
        "catalog_id": "553",
        "course_id": "2178",
        "section": "894",
        "days": "T F W",
        "facility_id": "195",
        "facility_building": "iyttbrpzwrlq",
        "instructor": "javapcwrafwl",
        "start_time": "14:05",
        "end_time": "8:26",
        "semester": 4
    }
},

{
    "model": "laborganizer.lab",
    "pk": 47,
    "fields": {
        "class_name": "nqarzwyvgpkn",
        "subject": "dlkb",
        "catalog_id": "374",
        "course_id": "5691",
        "section": "425",
        "days": "Th M F",
        "facility_id": "213",
        "facility_building": "ertsfizyzgem",
        "instructor": "hpqgqxtbcvmm",
        "start_time": "21:21",
        "end_time": "23:31",
        "semester": 4
    }
},

{
    "model": "laborganizer.lab",
    "pk": 48,
    "fields": {
        "class_name": "quhgjupxhabp",
        "subject": "skbx",
        "catalog_id": "432",
        "course_id": "9435",
        "section": "253",
        "days": "Th F T",
        "facility_id": "180",
        "facility_building": "lzapqgclpkmi",
        "instructor": "tjketkjoddrc",
        "start_time": "13:24",
        "end_time": "5:16",
        "semester": 4
    }
},

{
    "model": "laborganizer.lab",
    "pk": 49,
    "fields": {
        "class_name": "yugkikzwnkcd",
        "subject": "gbuq",
        "catalog_id": "468",
        "course_id": "6983",
        "section": "750",
        "days": "T M F",
        "facility_id": "376",
        "facility_building": "etbnkoetuebc",
        "instructor": "erelogmgywlq",
        "start_time": "11:03",
        "end_time": "5:28",
        "semester": 4
    }
},

{
    "model": "laborganizer.semester",
    "pk": 5,
    "fields": {
        "year": 1001,
        "semester_time": "SUM"
    }
},

{
    "model": "optimization.templateschedule",
    "pk": 5,
    "fields": {
        "semester": 5
    }
},

{
    "model": "laborganizer.lab",
    "pk": 50,
    "fields": {
        "class_name": "ohzwoqjginhx",
        "subject": "pmsd",
        "catalog_id": "725",
        "course_id": "1765",
        "section": "698",
        "days": "F W Th",
        "facility_id": "521",
        "facility_building": "rmixnafgcmcq",
        "instructor": "zsvpmjbinmcc",
        "start_time": "22:05",
        "end_time": "9:01",
        "semester": 5
    }
},

{
    "model": "laborganizer.lab",
    "pk": 51,
    "fields": {
        "class_name": "ysrtccfjehqw",
        "subject": "thro",
        "catalog_id": "654",
        "course_id": "6159",
        "section": "574",
        "days": "F M Th",
        "facility_id": "788",
        "facility_building": "rrimargaeeap",
        "instructor": "rnnjgtjgoccy",
        "start_time": "21:42",
        "end_time": "4:28",
        "semester": 5
    }
},

{
    "model": "laborganizer.lab",
    "pk": 52,
    "fields": {
        "class_name": "axepbxhiawzz",
        "subject": "pktz",
        "catalog_id": "314",
        "course_id": "9872",
        "section": "709",
        "days": "T M W",
        "facility_id": "591",
        "facility_building": "pcmwtyqvkhoo",
        "instructor": "kqmyypmmgoda",
        "start_time": "15:38",
        "end_time": "21:18",
        "semester": 5
    }
},

{
    "model": "laborganizer.lab",
    "pk": 53,
    "fields": {
        "class_name": "kfaflhaxlmjg",
        "subject": "gcjs",
        "catalog_id": "587",
        "course_id": "6405",
        "section": "236",
        "days": "M Th F",
        "facility_id": "122",
        "facility_building": "nbbtkrmdghsh",
        "instructor": "gkuwupiuwvjm",
        "start_time": "17:28",
        "end_time": "18:24",
        "semester": 5
    }
},

{
    "model": "laborganizer.lab",
    "pk": 54,
    "fields": {
        "class_name": "eqelijftmcyo",
        "subject": "carg",
        "catalog_id": "897",
        "course_id": "2272",
        "section": "650",
        "days": "Th F T",
        "facility_id": "412",
        "facility_building": "evywkdeejorw",
        "instructor": "ecexrgbefqbg",
        "start_time": "13:10",
        "end_time": "5:19",
        "semester": 5
    }
},

{
    "model": "laborganizer.lab",
    "pk": 55,
    "fields": {
        "class_name": "ipiqfmhfvtwg",
        "subject": "jubo",
        "catalog_id": "322",
        "course_id": "5928",
        "section": "305",
        "days": "M W F",
        "facility_id": "522",
        "facility_building": "ckfbibeywpxt",
        "instructor": "kqdoptgvyzip",
        "start_time": "5:55",
        "end_time": "18:08",
        "semester": 5
    }
},

{
    "model": "laborganizer.lab",
    "pk": 56,
    "fields": {
        "class_name": "kizzqusfepoz",
        "subject": "jjve",
        "catalog_id": "911",
        "course_id": "2567",
        "section": "335",
        "days": "F W T",
        "facility_id": "161",
        "facility_building": "habdzhmrnqhr",
        "instructor": "iwomoovqgxbd",
        "start_time": "14:38",
        "end_time": "16:38",
        "semester": 5
    }
},

{
    "model": "laborganizer.lab",
    "pk": 57,
    "fields": {
        "class_name": "odanbolvuyax",
        "subject": "bplj",
        "catalog_id": "920",
        "course_id": "7401",
        "section": "147",
        "days": "T F M",
        "facility_id": "455",
        "facility_building": "mncnyvafuwvg",
        "instructor": "fouvmwtceqot",
        "start_time": "3:51",
        "end_time": "21:37",
        "semester": 5
    }
},

{
    "model": "laborganizer.lab",
    "pk": 58,
    "fields": {
        "class_name": "ndaswxesohnz",
        "subject": "imyp",
        "catalog_id": "114",
        "course_id": "4503",
        "section": "701",
        "days": "Th F T",
        "facility_id": "200",
        "facility_building": "nawmpqiufdiw",
        "instructor": "qowpstsdqxds",
        "start_time": "13:17",
        "end_time": "6:53",
        "semester": 5
    }
},

{
    "model": "laborganizer.lab",
    "pk": 59,
    "fields": {
        "class_name": "tvblnqwrurei",
        "subject": "fmwk",
        "catalog_id": "855",
        "course_id": "3706",
        "section": "196",
        "days": "Th W M",
        "facility_id": "173",
        "facility_building": "eanbrjwwtmxg",
        "instructor": "faaqkfkfivtj",
        "start_time": "11:47",
        "end_time": "4:20",
        "semester": 5
    }
},

{
    "model": "laborganizer.semester",
    "pk": 6,
    "fields": {
        "year": 1877,
        "semester_time": "SUM"
    }
},

{
    "model": "optimization.templateschedule",
    "pk": 6,
    "fields": {
        "semester": 6
    }
},

{
    "model": "laborganizer.lab",
    "pk": 60,
    "fields": {
        "class_name": "iqexgsbzbyce",
        "subject": "xctz",
        "catalog_id": "638",
        "course_id": "7234",
        "section": "805",
        "days": "M W Th",
        "facility_id": "847",
        "facility_building": "kstppupznubc",
        "instructor": "kxrvksvqzply",
        "start_time": "4:40",
        "end_time": "17:24",
        "semester": 6
    }
},

{
    "model": "laborganizer.lab",
    "pk": 61,
    "fields": {
        "class_name": "mbdshwineyvy",
        "subject": "vexr",
        "catalog_id": "234",
        "course_id": "2051",
        "section": "874",
        "days": "W Th F",
        "facility_id": "149",
        "facility_building": "sxttwopmdksm",
        "instructor": "izbuklicacrk",
        "start_time": "6:15",
        "end_time": "22:10",
        "semester": 6
    }
},

{
    "model": "laborganizer.lab",
    "pk": 62,
    "fields": {
        "class_name": "momlkotdbtoy",
        "subject": "hbkl",
        "catalog_id": "325",
        "course_id": "8456",
        "section": "842",
        "days": "F M W",
        "facility_id": "765",
        "facility_building": "hvgeesviicbm",
        "instructor": "kzpdhgmzsvgl",
        "start_time": "18:54",
        "end_time": "19:39",
        "semester": 6
    }
},

{
    "model": "laborganizer.lab",
    "pk": 63,
    "fields": {
        "class_name": "krzwtxqeptxe",
        "subject": "bqwf",
        "catalog_id": "687",
        "course_id": "5968",
        "section": "228",
        "days": "Th T M",
        "facility_id": "659",
        "facility_building": "tqbeyejvzlvo",
        "instructor": "zbwejppmjhxt",
        "start_time": "14:49",
        "end_time": "10:54",
        "semester": 6
    }
},

{
    "model": "laborganizer.lab",
    "pk": 64,
    "fields": {
        "class_name": "jacmphbbtqay",
        "subject": "nqxl",
        "catalog_id": "760",
        "course_id": "3641",
        "section": "843",
        "days": "Th F T",
        "facility_id": "879",
        "facility_building": "wdlzhtcvpoax",
        "instructor": "geeykfwjtjkd",
        "start_time": "9:29",
        "end_time": "19:07",
        "semester": 6
    }
},

{
    "model": "laborganizer.lab",
    "pk": 65,
    "fields": {
        "class_name": "rgdkaaibbmes",
        "subject": "tavb",
        "catalog_id": "501",
        "course_id": "1683",
        "section": "541",
        "days": "T Th M",
        "facility_id": "196",
        "facility_building": "equlndkomdcf",
        "instructor": "hqofrygskglm",
        "start_time": "19:52",
        "end_time": "1:23",
        "semester": 6
    }
},

{
    "model": "laborganizer.lab",
    "pk": 66,
    "fields": {
        "class_name": "jdqllgmyveba",
        "subject": "qhds",
        "catalog_id": "174",
        "course_id": "9299",
        "section": "447",
        "days": "F W Th",
        "facility_id": "642",
        "facility_building": "mlvemebqwkhx",
        "instructor": "fwyqzjurffry",
        "start_time": "13:39",
        "end_time": "18:45",
        "semester": 6
    }
},

{
    "model": "laborganizer.lab",
    "pk": 67,
    "fields": {
        "class_name": "nkfbrdxyynsx",
        "subject": "mowj",
        "catalog_id": "623",
        "course_id": "2485",
        "section": "315",
        "days": "Th T M",
        "facility_id": "322",
        "facility_building": "zsbwhhnkfzlm",
        "instructor": "knrobytjhwdj",
        "start_time": "20:35",
        "end_time": "8:47",
        "semester": 6
    }
},

{
    "model": "laborganizer.lab",
    "pk": 68,
    "fields": {
        "class_name": "odkwmhhrkrcn",
        "subject": "bqjk",
        "catalog_id": "854",
        "course_id": "1012",
        "section": "904",
        "days": "M F T",
        "facility_id": "150",
        "facility_building": "hrptmvoqdflz",
        "instructor": "jcmtsjrfrxfz",
        "start_time": "17:49",
        "end_time": "13:58",
        "semester": 6
    }
},

{
    "model": "laborganizer.lab",
    "pk": 69,
    "fields": {
        "class_name": "xgzviqmoozne",
        "subject": "uhli",
        "catalog_id": "973",
        "course_id": "3631",
        "section": "206",
        "days": "T M W",
        "facility_id": "668",
        "facility_building": "tpinsjusruyu",
        "instructor": "bfnytubckrhi",
        "start_time": "7:36",
        "end_time": "19:32",
        "semester": 6
    }
},

{
    "model": "laborganizer.semester",
    "pk": 7,
    "fields": {
        "year": 1528,
        "semester_time": "SUM"
    }
},

{
    "model": "optimization.templateschedule",
    "pk": 7,
    "fields": {
        "semester": 7
    }
},

{
    "model": "laborganizer.lab",
    "pk": 70,
    "fields": {
        "class_name": "xjfqgeeimzqe",
        "subject": "czzy",
        "catalog_id": "355",
        "course_id": "5833",
        "section": "131",
        "days": "T F W",
        "facility_id": "475",
        "facility_building": "lxnrnprfpomd",
        "instructor": "rwstagausbix",
        "start_time": "7:21",
        "end_time": "10:35",
        "semester": 7
    }
},

{
    "model": "laborganizer.lab",
    "pk": 71,
    "fields": {
        "class_name": "nxqdymuqgmvm",
        "subject": "rdfl",
        "catalog_id": "546",
        "course_id": "6925",
        "section": "997",
        "days": "T M Th",
        "facility_id": "455",
        "facility_building": "kmehgggezemc",
        "instructor": "zobofkhibgne",
        "start_time": "14:11",
        "end_time": "9:20",
        "semester": 7
    }
},

{
    "model": "laborganizer.lab",
    "pk": 72,
    "fields": {
        "class_name": "gdibtjtjudej",
        "subject": "qclk",
        "catalog_id": "363",
        "course_id": "1358",
        "section": "626",
        "days": "Th W F",
        "facility_id": "103",
        "facility_building": "slbfauqqsame",
        "instructor": "wrswbjkspznf",
        "start_time": "17:35",
        "end_time": "10:56",
        "semester": 7
    }
},

{
    "model": "laborganizer.lab",
    "pk": 73,
    "fields": {
        "class_name": "djyhgrgcqwnf",
        "subject": "wxvw",
        "catalog_id": "255",
        "course_id": "1879",
        "section": "355",
        "days": "Th T M",
        "facility_id": "631",
        "facility_building": "sjnfahigosrs",
        "instructor": "trywqsfuqbft",
        "start_time": "21:27",
        "end_time": "23:37",
        "semester": 7
    }
},

{
    "model": "laborganizer.lab",
    "pk": 74,
    "fields": {
        "class_name": "elacfospzpxg",
        "subject": "ojbg",
        "catalog_id": "736",
        "course_id": "9092",
        "section": "571",
        "days": "Th M F",
        "facility_id": "304",
        "facility_building": "faglkqpbenfn",
        "instructor": "brgsqzquoebx",
        "start_time": "16:09",
        "end_time": "6:57",
        "semester": 7
    }
},

{
    "model": "laborganizer.lab",
    "pk": 75,
    "fields": {
        "class_name": "gnrjsiuupzwg",
        "subject": "wvjy",
        "catalog_id": "194",
        "course_id": "7168",
        "section": "427",
        "days": "Th W F",
        "facility_id": "973",
        "facility_building": "eyzspfjytkdb",
        "instructor": "kcnxdzlplkrz",
        "start_time": "2:54",
        "end_time": "16:11",
        "semester": 7
    }
},

{
    "model": "laborganizer.lab",
    "pk": 76,
    "fields": {
        "class_name": "onccaowdjwxi",
        "subject": "kybo",
        "catalog_id": "166",
        "course_id": "6641",
        "section": "822",
        "days": "Th M T",
        "facility_id": "410",
        "facility_building": "ghywkywnkmvq",
        "instructor": "bwkgjiqlkyog",
        "start_time": "6:52",
        "end_time": "4:13",
        "semester": 7
    }
},

{
    "model": "laborganizer.lab",
    "pk": 77,
    "fields": {
        "class_name": "nzzddcsmioqr",
        "subject": "vrns",
        "catalog_id": "362",
        "course_id": "5241",
        "section": "891",
        "days": "Th M W",
        "facility_id": "661",
        "facility_building": "nxtfulnakxjv",
        "instructor": "uhvokpxahzqf",
        "start_time": "13:03",
        "end_time": "7:51",
        "semester": 7
    }
},

{
    "model": "laborganizer.lab",
    "pk": 78,
    "fields": {
        "class_name": "kloriuryvovk",
        "subject": "rsek",
        "catalog_id": "900",
        "course_id": "1397",
        "section": "115",
        "days": "T M Th",
        "facility_id": "290",
        "facility_building": "exmxvkhzlugn",
        "instructor": "ahemrhllrocm",
        "start_time": "20:57",
        "end_time": "12:42",
        "semester": 7
    }
},

{
    "model": "laborganizer.lab",
    "pk": 79,
    "fields": {
        "class_name": "bqofindxjzfx",
        "subject": "rfmw",
        "catalog_id": "305",
        "course_id": "2522",
        "section": "644",
        "days": "Th F M",
        "facility_id": "606",
        "facility_building": "yxliptqcuxmt",
        "instructor": "kuxkzatkphug",
        "start_time": "12:30",
        "end_time": "8:54",
        "semester": 7
    }
},

{
    "model": "laborganizer.semester",
    "pk": 8,
    "fields": {
        "year": 9815,
        "semester_time": "FAL"
    }
},

{
    "model": "optimization.templateschedule",
    "pk": 8,
    "fields": {
        "semester": 8
    }
},

{
    "model": "laborganizer.lab",
    "pk": 80,
    "fields": {
        "class_name": "jsqafqxqdweg",
        "subject": "zrzv",
        "catalog_id": "392",
        "course_id": "8696",
        "section": "773",
        "days": "W M Th",
        "facility_id": "475",
        "facility_building": "vpcwuvaublig",
        "instructor": "rmgqehatqege",
        "start_time": "10:48",
        "end_time": "16:44",
        "semester": 8
    }
},

{
    "model": "laborganizer.lab",
    "pk": 81,
    "fields": {
        "class_name": "trjqdwfbireb",
        "subject": "cufd",
        "catalog_id": "208",
        "course_id": "2287",
        "section": "693",
        "days": "W F T",
        "facility_id": "983",
        "facility_building": "pefxighutdok",
        "instructor": "zaoqbzbspdpp",
        "start_time": "18:01",
        "end_time": "20:24",
        "semester": 8
    }
},

{
    "model": "laborganizer.lab",
    "pk": 82,
    "fields": {
        "class_name": "tomodyhlykum",
        "subject": "dtha",
        "catalog_id": "353",
        "course_id": "7400",
        "section": "319",
        "days": "M Th T",
        "facility_id": "367",
        "facility_building": "tmjnoikntgkn",
        "instructor": "bbwgbiyvbbxe",
        "start_time": "11:33",
        "end_time": "12:11",
        "semester": 8
    }
},

{
    "model": "laborganizer.lab",
    "pk": 83,
    "fields": {
        "class_name": "fqzlkzjmfckb",
        "subject": "hqyq",
        "catalog_id": "613",
        "course_id": "5950",
        "section": "406",
        "days": "Th T M",
        "facility_id": "901",
        "facility_building": "vvovchvatuxb",
        "instructor": "qcskfkvvnvpf",
        "start_time": "2:17",
        "end_time": "14:51",
        "semester": 8
    }
},

{
    "model": "laborganizer.lab",
    "pk": 84,
    "fields": {
        "class_name": "bijyzignpwrs",
        "subject": "vqce",
        "catalog_id": "229",
        "course_id": "4692",
        "section": "281",
        "days": "M W T",
        "facility_id": "117",
        "facility_building": "uvxhgayzrbic",
        "instructor": "bsiifnocilhb",
        "start_time": "23:49",
        "end_time": "6:22",
        "semester": 8
    }
},

{
    "model": "laborganizer.lab",
    "pk": 85,
    "fields": {
        "class_name": "wijfzxcgyktu",
        "subject": "vwpa",
        "catalog_id": "438",
        "course_id": "6171",
        "section": "298",
        "days": "M W Th",
        "facility_id": "384",
        "facility_building": "pltqsfancnwm",
        "instructor": "nuzqmtshadie",
        "start_time": "17:23",
        "end_time": "8:22",
        "semester": 8
    }
},

{
    "model": "laborganizer.lab",
    "pk": 86,
    "fields": {
        "class_name": "fvzuhuyqskvx",
        "subject": "uwov",
        "catalog_id": "545",
        "course_id": "9461",
        "section": "639",
        "days": "W Th F",
        "facility_id": "117",
        "facility_building": "ngjywefhteed",
        "instructor": "pqfieedjfogd",
        "start_time": "14:16",
        "end_time": "9:56",
        "semester": 8
    }
},

{
    "model": "laborganizer.lab",
    "pk": 87,
    "fields": {
        "class_name": "bxcjvbgyldak",
        "subject": "iwox",
        "catalog_id": "867",
        "course_id": "9566",
        "section": "182",
        "days": "M F Th",
        "facility_id": "587",
        "facility_building": "xvbbecbvfkjv",
        "instructor": "udlmxgouikce",
        "start_time": "6:07",
        "end_time": "19:26",
        "semester": 8
    }
},

{
    "model": "laborganizer.lab",
    "pk": 88,
    "fields": {
        "class_name": "hhyrqhownwme",
        "subject": "jsqk",
        "catalog_id": "646",
        "course_id": "9532",
        "section": "921",
        "days": "M T F",
        "facility_id": "470",
        "facility_building": "ndzahtmwkrml",
        "instructor": "rhbjtrgbowee",
        "start_time": "9:33",
        "end_time": "21:48",
        "semester": 8
    }
},

{
    "model": "laborganizer.lab",
    "pk": 89,
    "fields": {
        "class_name": "trnnyetjajsu",
        "subject": "dmjj",
        "catalog_id": "351",
        "course_id": "3217",
        "section": "682",
        "days": "T Th M",
        "facility_id": "142",
        "facility_building": "kxyijhquukxp",
        "instructor": "kwbfeffkkumq",
        "start_time": "5:55",
        "end_time": "13:22",
        "semester": 8
    }
},

{
    "model": "laborganizer.semester",
    "pk": 9,
    "fields": {
        "year": 1197,
        "semester_time": "SUM"
    }
},

{
    "model": "optimization.templateschedule",
    "pk": 9,
    "fields": {
        "semester": 9
    }
},

{
    "model": "laborganizer.lab",
    "pk": 90,
    "fields": {
        "class_name": "jjheamtblfce",
        "subject": "qixj",
        "catalog_id": "273",
        "course_id": "8520",
        "section": "462",
        "days": "W F M",
        "facility_id": "457",
        "facility_building": "brfahopxiefk",
        "instructor": "aeoxahrwjxaj",
        "start_time": "13:12",
        "end_time": "7:25",
        "semester": 9
    }
},

{
    "model": "laborganizer.lab",
    "pk": 91,
    "fields": {
        "class_name": "ivkibaufqgji",
        "subject": "nule",
        "catalog_id": "686",
        "course_id": "7030",
        "section": "961",
        "days": "W F Th",
        "facility_id": "307",
        "facility_building": "lswkpoynwszy",
        "instructor": "whzkmyqqqhoe",
        "start_time": "1:41",
        "end_time": "15:45",
        "semester": 9
    }
},

{
    "model": "laborganizer.lab",
    "pk": 92,
    "fields": {
        "class_name": "ijtdwoznengl",
        "subject": "falh",
        "catalog_id": "966",
        "course_id": "8088",
        "section": "592",
        "days": "F Th W",
        "facility_id": "627",
        "facility_building": "rfzbdmpwixdg",
        "instructor": "irgqrxivpzrj",
        "start_time": "21:03",
        "end_time": "11:58",
        "semester": 9
    }
},

{
    "model": "laborganizer.lab",
    "pk": 93,
    "fields": {
        "class_name": "zrzevgrbecky",
        "subject": "qjhz",
        "catalog_id": "383",
        "course_id": "9112",
        "section": "783",
        "days": "W Th T",
        "facility_id": "208",
        "facility_building": "ddstonlhcnpq",
        "instructor": "qydzhfwngbaw",
        "start_time": "6:34",
        "end_time": "14:51",
        "semester": 9
    }
},

{
    "model": "laborganizer.lab",
    "pk": 94,
    "fields": {
        "class_name": "affawtebthbw",
        "subject": "tauk",
        "catalog_id": "702",
        "course_id": "3961",
        "section": "659",
        "days": "Th T F",
        "facility_id": "273",
        "facility_building": "qrqiezgxlhcl",
        "instructor": "rolewvgbfyao",
        "start_time": "6:24",
        "end_time": "17:22",
        "semester": 9
    }
},

{
    "model": "laborganizer.lab",
    "pk": 95,
    "fields": {
        "class_name": "tgvmlxhecxod",
        "subject": "xcex",
        "catalog_id": "232",
        "course_id": "2530",
        "section": "687",
        "days": "T Th W",
        "facility_id": "428",
        "facility_building": "yjrkyprbqmgg",
        "instructor": "dbfjhgbivbup",
        "start_time": "12:59",
        "end_time": "3:48",
        "semester": 9
    }
},

{
    "model": "laborganizer.lab",
    "pk": 96,
    "fields": {
        "class_name": "fqflplmddglb",
        "subject": "kkbl",
        "catalog_id": "748",
        "course_id": "2407",
        "section": "512",
        "days": "T F W",
        "facility_id": "825",
        "facility_building": "cipzyyboazck",
        "instructor": "ilvjezkocacv",
        "start_time": "9:34",
        "end_time": "17:40",
        "semester": 9
    }
},

{
    "model": "laborganizer.lab",
    "pk": 97,
    "fields": {
        "class_name": "dbkechpdfkuj",
        "subject": "augb",
        "catalog_id": "922",
        "course_id": "2561",
        "section": "191",
        "days": "F M Th",
        "facility_id": "751",
        "facility_building": "lmuvxbmunxip",
        "instructor": "agieqttnnhzk",
        "start_time": "20:43",
        "end_time": "19:45",
        "semester": 9
    }
},

{
    "model": "laborganizer.lab",
    "pk": 98,
    "fields": {
        "class_name": "fwsozfsdqrtv",
        "subject": "vnxm",
        "catalog_id": "706",
        "course_id": "8438",
        "section": "589",
        "days": "F M W",
        "facility_id": "876",
        "facility_building": "pxaevpfgimys",
        "instructor": "bcbqixwxeblk",
        "start_time": "13:17",
        "end_time": "2:31",
        "semester": 9
    }
},

{
    "model": "laborganizer.lab",
    "pk": 99,
    "fields": {
        "class_name": "wivubfwdnhxm",
        "subject": "obbe",
        "catalog_id": "327",
        "course_id": "3663",
        "section": "602",
        "days": "F Th T",
        "facility_id": "183",
        "facility_building": "dvwianbjvxig",
        "instructor": "ixmryezyeoiq",
        "start_time": "23:09",
        "end_time": "13:09",
        "semester": 9
    }
}



]

