[

{
    "model": "teachingassistant.ta",
    "pk": 0,
    "fields": {
        "first_name": "zkmzxkd",
        "last_name": "jaftnfe",
        "student_id": "4126",
        "contracted": true,
        "experience": [
            "dlkb374",
            "kkbl748",
            "jjve911"
        ],
        "year": "SO",
        "holds_key": 0,
        "availability_key": 0,
        "assigned_semesters": [
            0,
            1,
            2,
            3,
            4,
            5,
            6,
            7,
            8,
            9
        ]
    }
},

{
    "model": "teachingassistant.holds",
    "pk": 0,
    "fields": {
        "incomplete_profile": false,
        "update_availability": false,
        "update_experience": false,
        "ta": 0
    }
},

{
    "model": "teachingassistant.classtime",
    "pk": 0,
    "fields": {
        "ta": 0,
        "start_time": "3:04",
        "end_time": "11:46",
        "days": [
            "W",
            "T",
            "M"
        ]
    }
},

{
    "model": "teachingassistant.classtime",
    "pk": 1,
    "fields": {
        "ta": 0,
        "start_time": "20:39",
        "end_time": "11:26",
        "days": [
            "T",
            "M",
            "Th"
        ]
    }
},

{
    "model": "teachingassistant.classtime",
    "pk": 2,
    "fields": {
        "ta": 0,
        "start_time": "12:13",
        "end_time": "11:32",
        "days": [
            "Th",
            "F",
            "M"
        ]
    }
},

{
    "model": "teachingassistant.availability",
    "pk": 0,
    "fields": {
        "class_times": [
            0,
            1,
            2
        ],
        "ta": 0
    }
},

{
    "model": "teachingassistant.ta",
    "pk": 1,
    "fields": {
        "first_name": "nzfrsam",
        "last_name": "cyvaxbe",
        "student_id": "8910",
        "contracted": true,
        "experience": [
            "vqce229",
            "gbuq468",
            "vnro581"
        ],
        "year": "GR",
        "holds_key": 1,
        "availability_key": 1,
        "assigned_semesters": [
            0,
            1,
            2,
            3,
            4,
            5,
            6,
            7,
            8,
            9
        ]
    }
},

{
    "model": "teachingassistant.holds",
    "pk": 1,
    "fields": {
        "incomplete_profile": false,
        "update_availability": false,
        "update_experience": false,
        "ta": 1
    }
},

{
    "model": "teachingassistant.classtime",
    "pk": 3,
    "fields": {
        "ta": 1,
        "start_time": "11:28",
        "end_time": "22:04",
        "days": [
            "Th",
            "F",
            "T"
        ]
    }
},

{
    "model": "teachingassistant.classtime",
    "pk": 4,
    "fields": {
        "ta": 1,
        "start_time": "8:34",
        "end_time": "22:28",
        "days": [
            "T",
            "F",
            "W"
        ]
    }
},

{
    "model": "teachingassistant.classtime",
    "pk": 5,
    "fields": {
        "ta": 1,
        "start_time": "13:53",
        "end_time": "23:29",
        "days": [
            "W",
            "T",
            "M"
        ]
    }
},

{
    "model": "teachingassistant.availability",
    "pk": 1,
    "fields": {
        "class_times": [
            3,
            4,
            5
        ],
        "ta": 1
    }
},

{
    "model": "teachingassistant.ta",
    "pk": 2,
    "fields": {
        "first_name": "doovkqg",
        "last_name": "tuqwkhs",
        "student_id": "7251",
        "contracted": true,
        "experience": [
            "brxn716",
            "qhds174",
            "zpwn172"
        ],
        "year": "SR",
        "holds_key": 2,
        "availability_key": 2,
        "assigned_semesters": [
            0,
            1,
            2,
            3,
            4,
            5,
            6,
            7,
            8,
            9
        ]
    }
},

{
    "model": "teachingassistant.holds",
    "pk": 2,
    "fields": {
        "incomplete_profile": false,
        "update_availability": false,
        "update_experience": false,
        "ta": 2
    }
},

{
    "model": "teachingassistant.classtime",
    "pk": 6,
    "fields": {
        "ta": 2,
        "start_time": "10:39",
        "end_time": "10:23",
        "days": [
            "M",
            "W",
            "F"
        ]
    }
},

{
    "model": "teachingassistant.classtime",
    "pk": 7,
    "fields": {
        "ta": 2,
        "start_time": "21:04",
        "end_time": "18:22",
        "days": [
            "W",
            "Th",
            "T"
        ]
    }
},

{
    "model": "teachingassistant.classtime",
    "pk": 8,
    "fields": {
        "ta": 2,
        "start_time": "8:46",
        "end_time": "15:25",
        "days": [
            "F",
            "M",
            "W"
        ]
    }
},

{
    "model": "teachingassistant.availability",
    "pk": 2,
    "fields": {
        "class_times": [
            6,
            7,
            8
        ],
        "ta": 2
    }
},

{
    "model": "teachingassistant.ta",
    "pk": 3,
    "fields": {
        "first_name": "yjofumb",
        "last_name": "gwnlpwf",
        "student_id": "1467",
        "contracted": true,
        "experience": [
            "lclb854",
            "wxvw255",
            "fzbg649"
        ],
        "year": "SO",
        "holds_key": 3,
        "availability_key": 3,
        "assigned_semesters": [
            0,
            1,
            2,
            3,
            4,
            5,
            6,
            7,
            8,
            9
        ]
    }
},

{
    "model": "teachingassistant.holds",
    "pk": 3,
    "fields": {
        "incomplete_profile": false,
        "update_availability": false,
        "update_experience": false,
        "ta": 3
    }
},

{
    "model": "teachingassistant.classtime",
    "pk": 9,
    "fields": {
        "ta": 3,
        "start_time": "13:42",
        "end_time": "21:02",
        "days": [
            "T",
            "W",
            "F"
        ]
    }
},

{
    "model": "teachingassistant.classtime",
    "pk": 10,
    "fields": {
        "ta": 3,
        "start_time": "10:03",
        "end_time": "18:17",
        "days": [
            "W",
            "T",
            "M"
        ]
    }
},

{
    "model": "teachingassistant.classtime",
    "pk": 11,
    "fields": {
        "ta": 3,
        "start_time": "3:10",
        "end_time": "19:14",
        "days": [
            "F",
            "W",
            "M"
        ]
    }
},

{
    "model": "teachingassistant.availability",
    "pk": 3,
    "fields": {
        "class_times": [
            9,
            10,
            11
        ],
        "ta": 3
    }
},

{
    "model": "teachingassistant.ta",
    "pk": 4,
    "fields": {
        "first_name": "mqaxpkc",
        "last_name": "kzzjzlf",
        "student_id": "6313",
        "contracted": true,
        "experience": [
            "lclb854",
            "owki104",
            "vrns362"
        ],
        "year": "FR",
        "holds_key": 4,
        "availability_key": 4,
        "assigned_semesters": [
            0,
            1,
            2,
            3,
            4,
            5,
            6,
            7,
            8,
            9
        ]
    }
},

{
    "model": "teachingassistant.holds",
    "pk": 4,
    "fields": {
        "incomplete_profile": false,
        "update_availability": false,
        "update_experience": false,
        "ta": 4
    }
},

{
    "model": "teachingassistant.classtime",
    "pk": 12,
    "fields": {
        "ta": 4,
        "start_time": "1:47",
        "end_time": "3:07",
        "days": [
            "T",
            "M",
            "W"
        ]
    }
},

{
    "model": "teachingassistant.classtime",
    "pk": 13,
    "fields": {
        "ta": 4,
        "start_time": "11:23",
        "end_time": "17:05",
        "days": [
            "W",
            "T",
            "Th"
        ]
    }
},

{
    "model": "teachingassistant.classtime",
    "pk": 14,
    "fields": {
        "ta": 4,
        "start_time": "23:23",
        "end_time": "1:06",
        "days": [
            "T",
            "F",
            "Th"
        ]
    }
},

{
    "model": "teachingassistant.availability",
    "pk": 4,
    "fields": {
        "class_times": [
            12,
            13,
            14
        ],
        "ta": 4
    }
},

{
    "model": "teachingassistant.ta",
    "pk": 5,
    "fields": {
        "first_name": "uodghor",
        "last_name": "yrrplnp",
        "student_id": "2277",
        "contracted": true,
        "experience": [
            "bqwf687",
            "vnro581",
            "evit133"
        ],
        "year": "SO",
        "holds_key": 5,
        "availability_key": 5,
        "assigned_semesters": [
            0,
            1,
            2,
            3,
            4,
            5,
            6,
            7,
            8,
            9
        ]
    }
},

{
    "model": "teachingassistant.holds",
    "pk": 5,
    "fields": {
        "incomplete_profile": false,
        "update_availability": false,
        "update_experience": false,
        "ta": 5
    }
},

{
    "model": "teachingassistant.classtime",
    "pk": 15,
    "fields": {
        "ta": 5,
        "start_time": "21:32",
        "end_time": "20:29",
        "days": [
            "W",
            "F",
            "Th"
        ]
    }
},

{
    "model": "teachingassistant.classtime",
    "pk": 16,
    "fields": {
        "ta": 5,
        "start_time": "9:50",
        "end_time": "17:19",
        "days": [
            "Th",
            "T",
            "F"
        ]
    }
},

{
    "model": "teachingassistant.classtime",
    "pk": 17,
    "fields": {
        "ta": 5,
        "start_time": "11:15",
        "end_time": "11:58",
        "days": [
            "Th",
            "F",
            "W"
        ]
    }
},

{
    "model": "teachingassistant.availability",
    "pk": 5,
    "fields": {
        "class_times": [
            15,
            16,
            17
        ],
        "ta": 5
    }
},

{
    "model": "teachingassistant.ta",
    "pk": 6,
    "fields": {
        "first_name": "mdgrjyu",
        "last_name": "obbwdgn",
        "student_id": "3064",
        "contracted": true,
        "experience": [
            "qjhz383",
            "krex144",
            "eewf284"
        ],
        "year": "SR",
        "holds_key": 6,
        "availability_key": 6,
        "assigned_semesters": [
            0,
            1,
            2,
            3,
            4,
            5,
            6,
            7,
            8,
            9
        ]
    }
},

{
    "model": "teachingassistant.holds",
    "pk": 6,
    "fields": {
        "incomplete_profile": false,
        "update_availability": false,
        "update_experience": false,
        "ta": 6
    }
},

{
    "model": "teachingassistant.classtime",
    "pk": 18,
    "fields": {
        "ta": 6,
        "start_time": "21:25",
        "end_time": "15:15",
        "days": [
            "T",
            "M",
            "W"
        ]
    }
},

{
    "model": "teachingassistant.classtime",
    "pk": 19,
    "fields": {
        "ta": 6,
        "start_time": "19:46",
        "end_time": "23:10",
        "days": [
            "Th",
            "T",
            "F"
        ]
    }
},

{
    "model": "teachingassistant.classtime",
    "pk": 20,
    "fields": {
        "ta": 6,
        "start_time": "13:49",
        "end_time": "9:36",
        "days": [
            "W",
            "M",
            "Th"
        ]
    }
},

{
    "model": "teachingassistant.availability",
    "pk": 6,
    "fields": {
        "class_times": [
            18,
            19,
            20
        ],
        "ta": 6
    }
},

{
    "model": "teachingassistant.ta",
    "pk": 7,
    "fields": {
        "first_name": "gschuya",
        "last_name": "otnzste",
        "student_id": "3222",
        "contracted": true,
        "experience": [
            "brdo806",
            "imyp114",
            "vexr234"
        ],
        "year": "SR",
        "holds_key": 7,
        "availability_key": 7,
        "assigned_semesters": [
            0,
            1,
            2,
            3,
            4,
            5,
            6,
            7,
            8,
            9
        ]
    }
},

{
    "model": "teachingassistant.holds",
    "pk": 7,
    "fields": {
        "incomplete_profile": false,
        "update_availability": false,
        "update_experience": false,
        "ta": 7
    }
},

{
    "model": "teachingassistant.classtime",
    "pk": 21,
    "fields": {
        "ta": 7,
        "start_time": "20:31",
        "end_time": "2:10",
        "days": [
            "M",
            "F",
            "T"
        ]
    }
},

{
    "model": "teachingassistant.classtime",
    "pk": 22,
    "fields": {
        "ta": 7,
        "start_time": "1:53",
        "end_time": "14:41",
        "days": [
            "Th",
            "T",
            "M"
        ]
    }
},

{
    "model": "teachingassistant.classtime",
    "pk": 23,
    "fields": {
        "ta": 7,
        "start_time": "15:08",
        "end_time": "21:09",
        "days": [
            "M",
            "W",
            "F"
        ]
    }
},

{
    "model": "teachingassistant.availability",
    "pk": 7,
    "fields": {
        "class_times": [
            21,
            22,
            23
        ],
        "ta": 7
    }
},

{
    "model": "teachingassistant.ta",
    "pk": 8,
    "fields": {
        "first_name": "rpkrivy",
        "last_name": "wjbsedk",
        "student_id": "2156",
        "contracted": false,
        "experience": [
            "bwni170",
            "hqyq613",
            "zmep310"
        ],
        "year": "GR",
        "holds_key": 8,
        "availability_key": 8,
        "assigned_semesters": [
            0,
            1,
            2,
            3,
            4,
            5,
            6,
            7,
            8,
            9
        ]
    }
},

{
    "model": "teachingassistant.holds",
    "pk": 8,
    "fields": {
        "incomplete_profile": false,
        "update_availability": false,
        "update_experience": false,
        "ta": 8
    }
},

{
    "model": "teachingassistant.classtime",
    "pk": 24,
    "fields": {
        "ta": 8,
        "start_time": "3:35",
        "end_time": "17:02",
        "days": [
            "W",
            "Th",
            "F"
        ]
    }
},

{
    "model": "teachingassistant.classtime",
    "pk": 25,
    "fields": {
        "ta": 8,
        "start_time": "5:18",
        "end_time": "9:34",
        "days": [
            "M",
            "T",
            "W"
        ]
    }
},

{
    "model": "teachingassistant.classtime",
    "pk": 26,
    "fields": {
        "ta": 8,
        "start_time": "8:15",
        "end_time": "5:04",
        "days": [
            "W",
            "T",
            "Th"
        ]
    }
},

{
    "model": "teachingassistant.availability",
    "pk": 8,
    "fields": {
        "class_times": [
            24,
            25,
            26
        ],
        "ta": 8
    }
},

{
    "model": "teachingassistant.ta",
    "pk": 9,
    "fields": {
        "first_name": "ekoqjhl",
        "last_name": "psphmul",
        "student_id": "3818",
        "contracted": false,
        "experience": [
            "xcex232",
            "qjhz383",
            "fmap209"
        ],
        "year": "JR",
        "holds_key": 9,
        "availability_key": 9,
        "assigned_semesters": [
            0,
            1,
            2,
            3,
            4,
            5,
            6,
            7,
            8,
            9
        ]
    }
},

{
    "model": "teachingassistant.holds",
    "pk": 9,
    "fields": {
        "incomplete_profile": false,
        "update_availability": false,
        "update_experience": false,
        "ta": 9
    }
},

{
    "model": "teachingassistant.classtime",
    "pk": 27,
    "fields": {
        "ta": 9,
        "start_time": "7:05",
        "end_time": "1:09",
        "days": [
            "F",
            "Th",
            "W"
        ]
    }
},

{
    "model": "teachingassistant.classtime",
    "pk": 28,
    "fields": {
        "ta": 9,
        "start_time": "5:21",
        "end_time": "13:08",
        "days": [
            "Th",
            "T",
            "F"
        ]
    }
},

{
    "model": "teachingassistant.classtime",
    "pk": 29,
    "fields": {
        "ta": 9,
        "start_time": "19:07",
        "end_time": "12:19",
        "days": [
            "F",
            "T",
            "Th"
        ]
    }
},

{
    "model": "teachingassistant.availability",
    "pk": 9,
    "fields": {
        "class_times": [
            27,
            28,
            29
        ],
        "ta": 9
    }
}

]

